Motif_location (FASTA)	Cluster_id	Subcluster_id	Family_label
4Y4O_2A_310-312_372-375	0	0	IL
5ZEB_a_1422-1425_1442-1444	0	0	IL
6CK5_A_80-82_94-97	0	0	IL
4LFB_A_757-761_787-788	0	0	TR
6HA1_a_781-785_811-812	0	0	IL
4PMI_A_11-13_27-30	0	0	IL
6HA1_A_2109-2111_2264-2267	0	0	IL
4WF9_X_2107-2109_2262-2265	0	0	IL
6AZ3_2_667-669_1030-1033	0	0	IL
6D9J_5_1926-1930_2155-2156	0	0	IL
2XXA_F_18-20_77-80	0	0	IL
4IOA_X_2063-2065_2214-2217	0	0	IL
5T5H_B_421-423_542-545	0	0	IL
5ZEB_B_29-30_50-53	0	0	IL
5T2A_B_606-608_967-970	0	0	IL
5OPT_E_2203-2205_2247-2248	1	1	IL
4V8P_D1_469-471_505-506	1	1	IL
3F2X_X_12-14_26-27	1	1	IL
5J7L_DA_737-739_756-757	1	1	IL
5ML7_B_37-39_61-62	1	1	IL
4LFB_A_1241-1243_1254-1255	1	1	IL
4LFB_A_930-931_1207-1209	1	2	IL
5O60_A_2273-2275_2840-2841	1	1	IL
5O60_A_2677-2678_2719-2721	1	2	IL
4WF9_X_782-784_801-802	1	1	IL
6FYY_2_1176-1177_1456-1458	1	2	IL
6HA1_A_784-786_803-804	1	1	IL
4V5O_BA_1149-1150_1429-1431	1	2	IL
5OPT_E_982-983_1183-1185	1	1	IL
5XYI_2_985-986_1268-1270	1	2	IL
5J7L_AA_952-953_1225-1227	1	2	IL
6EK0_S2_1234-1235_1520-1522	1	2	IL
6GAW_BA_1276-1277_1318-1320	1	1	IL
4Y4O_2A_2070-2072_2627-2628	1	1	IL
4Y4O_2A_2464-2465_2506-2508	1	2	IL
4WF9_X_2480-2481_2522-2524	1	2	IL
6ERI_BA_901-902_1173-1175	1	2	IL
6HA1_A_2078-2080_2645-2646	1	1	IL
6HA1_A_2482-2483_2524-2526	1	2	IL
4V88_A6_1177-1178_1458-1460	1	2	IL
4WF9_X_2076-2078_2643-2644	1	1	IL
6ERI_AA_748-750_767-768	1	1	IL
5J7L_DA_2453-2454_2495-2497	1	2	IL
6AZ1_1_1529-1530_1859-1861	1	2	IL
6AZ1_1_2088-2090_2131-2132	1	1	IL
6GAZ_AA_77-78_102-104	1	1	IL
5O60_A_852-854_871-872	1	1	IL
5V7Q_A_2691-2692_2733-2735	1	2	IL
4IOA_X_2032-2034_2595-2596	1	1	IL
6HA1_a_961-962_1233-1235	1	2	IL
6DN2_X_12-14_26-27	1	1	IL
6D9J_2_1110-1112_1352-1353	1	1	IL
5OOL_A_1270-1271_1312-1314	1	1	IL
5MRC_A_2667-2669_2680-2681	1	1	IL
5MRC_A_2719-2720_2761-2763	1	2	IL
3J7P_S2_1209-1210_1360-1362	1	1	IL
5FLX_z_254-260_271-276	2	3	IL
5V7Q_A_1920-1925_1930-1936	2	3	IL
4V9F_0_1513-1521_1654-1657	2	3	IL
5O60_A_1903-1908_1913-1919	2	3	IL
4WF9_X_1729-1734_1739-1745	2	3	IL
6ERI_AA_1721-1726_1731-1737	2	3	IL
5J7L_DA_1685-1690_1695-1701	2	3	IL
4Y4O_2A_1570-1574_1585-1591	2	3	IL
4Y4O_2A_1731-1736_1741-1747	2	3	IL
6HA1_A_1730-1735_1740-1746	2	3	IL
4WF9_X_1890-1893_1900-1904	3	4	HT
6FYY_2_1386-1388_1404-1409	3	4	IL
5XXU_2_1384-1386_1402-1407	3	4	IL
4V88_A6_1388-1390_1406-1411	3	4	IL
2ZY6_A_6-9_24-28	3	4	IL
4Y4O_2A_1245-1249_1284-1287	3	4	IL
5J7L_DA_1863-1866_1873-1877	3	4	TS
4WF9_X_1510-1513_1565-1569	3	4	IL
3J7A_A_57-62_88-90	3	4	IL
5O60_A_1652-1655_1776-1780	3	4	IL
4V5O_BA_1358-1360_1377-1382	3	4	IL
6HA1_A_1514-1517_1566-1570	3	4	IL
6HA1_A_1892-1895_1902-1906	3	4	IL
5XXU_2_986-990_1006-1010	4	5	IL
4YAZ_R_15-19_34-38	4	5	EL
6D9J_2_893-897_913-917	4	5	IL
5V93_a_769-773_789-793	4	5	IL
6HA1_a_786-790_806-810	4	5	IL
6EK0_S2_1046-1050_1066-1070	4	5	IL
5T83_A_69-75_87-89	4	5	IL
4V88_A6_989-993_1009-1013	4	5	EL
4V9F_0_655-659_671-675	4	5	EL
6FYY_2_548-555_585-586	4	5	IL
5GAH_1_44-48_59-63	4	5	IL
3LQX_B_16-20_31-35	4	5	IL
5U3G_B_5-8_29-34	4	5	IL
6EK0_S2_598-605_635-636	4	5	IL
5ZEB_a_758-762_778-782	4	5	IL
1DUH_A_14-18_29-33	4	5	IL
3J7P_S2_919-923_939-943	4	5	IL
3J7A_A_556-563_593-594	4	5	RS
4V5O_BA_542-549_580-581	4	5	RS
4V88_A6_549-556_586-587	4	5	RS
5XXB_1_1596-1601_1609-1612	4	5	IL
6EK0_L5_3780-3791_3807-3810	5	6	IL
4ENC_A_12-23_36-41	5	6	IL
6AZ3_2_521-532_548-551	5	6	IL
6D9J_5_2469-2481_2495-2499	5	6	IL
4V8P_D1_2271-2282_2298-2301	5	6	IL
5AN9_N_2542-2553_2569-2572	5	6	IL
4V91_1_2276-2287_2303-2306	5	6	IL
5T5H_B_275-286_302-305	5	6	IL
5T2A_B_460-471_487-490	5	6	IL
5TBW_1_2084-2095_2111-2114	5	6	IL
3J79_A_2569-2580_2596-2599	5	6	IL
5ZEB_a_144-149_164-170	6	7	IL
6FRK_1_116-121_227-233	6	7	IL
5V93_a_143-148_163-169	6	7	IL
3J79_A_81-88_96-102	6	7	SR
5MRC_aa_616-625_652-654	6	7	IL
5MRC_A_227-232_241-247	6	7	SR
6FYY_2_117-121_293-296	7	8	IL
6DLR_A_15-18_42-43	7	8	IL
5T83_A_16-19_40-41	7	8	TR
5U3G_B_9-12_27-28	7	8	TR
5OQL_1_703-706_879-881	7	8	IL
3J9M_AA_740-744_766-770	8	9	IL
5J7L_DA_1416-1420_1576-1580	8	9	HT
3GS5_A_3-7_18-22	8	9	IL
4WF9_X_1041-1045_1196-1200	8	9	HT
4Y4O_2A_1042-1046_1197-1201	8	9	HT
4Y4O_2A_1395-1399_1420-1424	8	9	HT
5V7Q_A_1578-1582_1620-1624	8	9	IL
4V9F_0_944-948_1003-1007	8	9	CL
5T83_A_12-15_42-47	8	9	IL
5J7L_AA_778-782_798-802	8	9	EL
4IOA_X_1008-1012_1163-1167	8	9	HT
4Y4O_2A_1880-1884_1907-1911	8	9	IL
6AZ1_1_598-605_635-636	8	9	IL
6ERI_AA_1860-1864_1900-1904	8	9	IL
4LFB_A_762-766_782-786	8	9	EL
4V5O_BA_967-971_987-991	8	9	EL
5OPT_E_604-611_641-642	8	9	IL
2XXA_F_39-43_54-58	8	9	IL
6HA1_A_1043-1047_1198-1202	8	9	IL
5O60_A_1115-1119_1271-1275	8	9	IL
5O60_A_1562-1566_1603-1607	8	9	IL
3J79_A_3439-3443_3468-3472	8	9	IL
5J7L_DA_997-1001_1152-1156	8	9	HT
5NGM_Aa_786-790_806-810	8	9	IL
6ERI_AA_1025-1029_1179-1183	8	9	IL
5V7Q_A_1126-1130_1282-1286	8	9	IL
5XXU_2_388-390_405-407	9	10	IL
1KUQ_B_17-18_49-52	9	10	IL
6ERI_AA_2538-2539_2556-2559	9	10	IL
4V9F_0_237-240_257-258	9	10	IL
4V9F_0_2549-2550_2567-2570	9	10	IL
4LFB_A_637-638_734-737	9	10	IL
5T2A_B_81-84_519-520	9	11	IL
5T5H_A_117-120_146-147	9	10	IL
3J7P_S2_375-377_392-394	9	10	IL
5O60_A_2745-2746_2763-2766	9	10	IL
6EK0_L5_2846-2849_3839-3840	9	11	IL
5XXB_1_2000-2003_2448-2449	9	11	IL
4WF9_X_2548-2549_2566-2569	9	10	IL
3J7Q_5_2311-2314_2632-2633	9	11	IL
3J7A_A_394-396_411-413	9	10	IL
5V7Q_A_1900-1903_2230-2231	9	11	IL
4PDB_I_9-12_27-28	9	10	IL
6D9J_2_360-362_377-379	9	10	IL
5J7L_AA_653-654_750-753	9	10	IL
4V9F_0_1736-1739_2026-2027	9	11	IL
5MRC_A_1617-1620_1892-1893	9	11	IL
4Y4O_2A_2532-2533_2550-2553	9	10	IL
5OOL_A_799-802_985-986	9	11	IL
4IOA_X_2500-2501_2518-2521	9	10	IL
5O60_A_1883-1886_2216-2217	9	11	IL
6AZ1_1_431-433_448-450	9	10	IL
4WF9_X_1709-1712_2019-2020	9	11	IL
6AZ3_2_80-83_580-581	9	11	IL
6GAW_BA_800-803_987-988	9	11	IL
6ERI_AA_1701-1704_2006-2007	9	11	IL
5OPT_E_436-438_453-455	9	10	IL
5XY3_1_1562-1565_1853-1854	9	11	IL
5J7L_DA_1665-1668_1992-1993	9	11	IL
6D9J_5_2398-2401_2428-2429	9	10	IL
4Y4O_2A_1711-1714_2013-2014	9	11	IL
4V8P_D1_1921-1924_2330-2331	9	11	IL
4V8P_D1_2201-2204_2229-2230	9	10	IL
4IOA_X_1682-1685_1975-1976	9	11	IL
4V91_1_1897-1900_2335-2336	9	11	IL
6FYY_2_387-389_404-406	9	10	IL
6AZ3_1_116-119_145-146	9	10	IL
3MXH_R_4-5_87-90	9	10	IL
6HA1_A_2550-2551_2568-2571	9	10	IL
6HA1_A_304-305_409-412	9	10	IL
6HA1_a_661-662_758-761	9	10	IL
5T5H_B_76-79_334-335	9	11	IL
6EK0_S2_436-438_453-455	9	10	IL
5MRC_aa_716-717_815-818	9	10	IL
6DME_A_15-18_36-37	9	10	IL
4V88_A6_1687-1689_1710-1712	9	10	IL
4V88_A6_388-390_405-407	9	10	IL
5NGM_Aa_661-662_758-761	9	10	IL
5J7L_DA_2521-2522_2539-2542	9	10	IL
6HA1_A_1710-1713_2021-2022	9	11	IL
5TBW_1_1842-1845_2143-2144	9	11	IL
5ZEB_a_633-634_730-733	9	10	IL
3J79_A_2165-2168_2628-2629	9	11	IL
3J79_A_2498-2501_2528-2529	9	10	IL
5OQL_1_733-735_745-747	9	10	IL
5OQL_1_972-974_989-991	9	10	IL
5XXU_2_819-824_840-845	10	12	IL
6ERI_AA_222-229_237-243	10	12	IL
5V7Q_A_189-194_203-209	10	12	IL
5O60_A_186-191_200-206	10	12	IL
5V7Q_A_2873-2877_3011-3019	10	12	IL
6HA1_A_1454-1461_1628-1631	10	12	IL
3J79_A_923-927_1049-1056	10	12	IL
5V93_a_674-678_689-696	10	12	IL
5ZEB_a_408-415_426-432	10	12	IL
5ZEB_a_663-667_678-685	10	12	IL
6ERI_AA_2083-2084_2454-2457	11	13	IL
4V8P_D1_3280-3281_3337-3339	11	13	IL
6D9J_5_1280-1283_1303-1304	11	13	IL
5OQL_1_1101-1103_1115-1116	11	13	IL
6EK0_S2_116-118_344-345	11	13	IL
5OOL_A_796-798_987-989	11	13	IL
5O60_A_1880-1882_2218-2220	11	13	IL
4WF9_X_1706-1708_2021-2023	11	13	IL
6GAW_BA_797-799_989-991	11	13	IL
3PDR_X_18-20_135-136	11	13	IL
6ERI_AA_871-872_921-923	11	13	IL
5J7L_DA_2069-2070_2437-2440	11	13	IL
4IOA_X_1004-1006_1169-1170	11	13	IL
4IOA_X_1679-1681_1977-1979	11	13	IL
6FYY_2_516-518_530-531	11	13	IL
6AHU_A_13-14_326-328	11	13	IL
6D9J_2_116-118_268-269	11	13	IL
4V88_A6_517-519_531-532	11	13	IL
6HA1_A_1707-1709_2023-2025	11	13	IL
4LFB_A_498-504_511-519	12	14	KT
5XY3_1_1671-1676_1689-1696	12	14	IL
5J7L_AA_514-520_527-535	12	14	KT
6HA1_a_522-528_535-543	12	14	IL
5V93_a_505-511_518-526	12	14	IL
5NGM_Aa_522-528_535-543	12	14	IL
5ZEB_a_494-500_507-515	12	14	IL
5NGM_Aa_446-448_500-505	13	15	IL
5XYI_2_537-543_912-913	13	15	IL
6D9J_2_588-594_1007-1008	13	15	IL
5J7L_DA_1436-1439_1550-1554	13	15	IL
6GAW_BA_215-218_225-229	13	15	IL
6FYY_2_614-620_1102-1103	13	15	IL
6EK0_S2_664-670_1160-1161	13	15	IL
5MRC_aa_677-683_944-945	13	15	IL
6CHR_A_163-166_305-309	13	15	TR
4V91_1_31-36_45-51	14	16	IL
4V88_A6_143-148_164-170	14	16	IL
5TBW_1_29-34_43-49	14	16	SR
5OPT_E_1678-1681_1965-1969	15	17	IL
6D9J_2_178-182_196-199	15	17	IL
5XY3_1_2507-2510_2534-2538	15	17	IL
3AGV_S_3-8_17-19	15	17	IL
4WF9_X_1460-1464_1623-1626	15	17	TS
5O60_A_1637-1641_1796-1799	15	17	IL
6ERI_BA_47-52_329-331	15	17	IL
4V5O_BA_353-355_366-371	15	17	IL
5ZEB_a_50-55_358-360	15	17	IL
6ERI_AA_1457-1460_1584-1588	15	17	IL
4V8P_D1_1221-1231_1325-1339	16	18	rKT
4V91_1_1194-1204_1298-1312	16	18	IL
6AZ3_3_25-33_184-200	16	18	IL
6ASO_I_9-29_58-62	16	18	IL
4N0T_B_9-29_58-62	16	18	IL
5AN9_N_1429-1439_1533-1547	16	18	IL
5AN9_N_2471-2481_2494-2502	16	18	IL
6GAZ_AA_305-320_388-395	16	18	IL
5XY3_1_917-927_1021-1035	16	18	IL
5TBW_1_1139-1149_1243-1257	16	18	rKT
4Y4O_2A_922-924_942-943	17	19	IL
5XXU_2_49-51_427-428	17	20	IL
1S03_B_15-16_33-35	17	19	IL
3J7A_A_49-51_433-434	17	20	IL
5OPT_E_2202-2203_2248-2250	17	19	IL
4V9F_0_2481-2482_2523-2525	17	19	IL
4LFB_A_54-56_351-352	17	20	IL
5XYI_2_47-49_358-359	17	20	IL
6D9J_2_48-50_399-400	17	20	IL
5J7L_AA_53-55_355-356	17	20	IL
1S03_A_15-16_33-35	17	19	IL
5OOL_A_1284-1286_1296-1297	17	19	IL
6GAW_BA_1193-1195_1206-1207	17	19	IL
5MRC_A_1949-1951_2883-2884	17	19	IL
3J9M_AA_46-48_171-172	17	20	IL
3J9M_AA_560-561_707-709	17	19	IL
6AZ1_1_49-51_470-471	17	20	IL
6DZP_B_2-4_112-113	17	19	IL
5OPT_E_50-52_475-476	17	20	IL
5J7L_DA_2049-2051_2616-2617	17	19	IL
6AZ1_1_2087-2088_2132-2134	17	19	IL
4OQU_A_28-29_41-43	17	19	IL
6FYY_2_49-51_426-427	17	20	IL
6GAZ_AA_47-49_174-175	17	20	IL
6GAZ_AA_558-559_709-711	17	19	IL
6HA1_a_54-56_362-363	17	20	IL
6EK0_S2_48-50_475-476	17	20	IL
3J7P_S2_1075-1076_1566-1568	17	19	IL
6ERI_BA_54-56_326-327	17	20	IL
5MRC_aa_60-62_359-360	17	20	IL
6D9J_8_63-64_87-89	17	19	IL
6DZI_B_2-4_112-113	17	19	IL
5V93_a_56-58_354-355	17	20	IL
4V88_A6_49-51_427-428	17	20	IL
4V5O_BA_48-50_419-420	17	20	IL
5ZEB_a_57-59_355-356	17	20	IL
6ERI_AA_2366-2369_2380-2383	18	21	IL
5V7Q_B_21-26_57-58	18	21	IL
5XYM_B_23-28_59-60	18	21	IL
4V88_A6_185-188_195-198	18	21	TS
4V8P_D1_161-164_253-256	18	21	TS
4V9F_0_2323-2325_2343-2347	18	21	IL
6ERI_AA_1486-1489_1553-1556	18	21	IL
6DZP_B_23-28_59-60	18	21	IL
6ERI_AA_1865-1868_1896-1899	18	21	IL
3P49_A_119-123_152-154	18	21	IL
5V7Q_A_2587-2590_2601-2604	18	21	IL
4GXY_A_104-106_121-125	18	21	IL
3OXE_A_30-34_69-71	18	21	IL
5WTI_B_2-6_26-28	18	21	IL
6DZI_B_23-28_59-60	18	21	IL
6FYY_2_184-187_194-197	18	21	IL
5OQL_1_87-90_115-118	18	21	IL
5XXU_2_625-629_964-968	19	22	IL
3J7P_S2_40-46_417-419	19	22	IL
4Y4O_2A_1461-1465_1622-1626	19	22	HT
3J7Q_5_2358-2361_2394-2399	19	22	IL
3J7A_A_41-47_436-438	19	22	IL
5XYI_2_548-552_787-791	19	22	IL
6EK0_S2_1280-1286_1313-1315	19	22	IL
5XXU_2_1537-1541_1564-1568	19	22	IL
6AZ1_1_675-679_1214-1218	19	22	IL
4V5O_BA_620-624_945-949	19	22	EL
4V88_A6_626-630_967-971	19	22	EL
4V8P_D1_3188-3192_3216-3220	19	22	EL
5OPT_E_681-685_1303-1307	19	22	IL
5V7Q_A_2924-2928_2955-2959	19	22	IL
6FYY_2_625-629_966-970	19	22	IL
3J7A_A_633-637_1036-1040	19	22	EL
3J7P_S2_614-618_897-901	19	22	EL
6EK0_S2_675-679_1024-1028	19	22	IL
6DLR_A_11-14_44-49	19	22	IL
6D9J_2_1127-1133_1160-1162	19	22	IL
4V88_A6_1539-1543_1566-1570	19	22	IL
4V88_A6_41-47_430-432	19	22	IL
6FYY_2_1537-1541_1564-1568	19	22	IL
6FYY_2_1683-1687_1708-1712	19	22	IL
5T5H_G_40-44_84-87	20	23	IL
3J9M_AA_538-542_816-820	20	23	IL
6AZ3_4_74-78_118-121	20	23	IL
4V91_3_31-35_40-44	20	23	IL
5TBW_AS_31-35_40-44	20	23	IL
5V7Q_A_802-806_927-934	21	24	IL
5Y7M_D_15-22_27-31	21	24	IL
4V8P_D1_1413-1420_1440-1444	21	24	KT
5J7L_AA_449-454_476-482	21	24	IL
5O60_A_788-792_913-920	21	24	IL
5NGM_Aa_691-695_706-713	21	24	IL
5J7L_DB_70-78_96-104	22	25	IL
5FDV_1B_70-78_97-105	22	25	IL
6HA1_B_66-74_92-100	22	25	IL
3J7Q_5_2975-2979_3003-3021	23	26	IL
4Y4O_2A_1068-1074_1168-1183	23	26	rKT
6HA1_A_1069-1075_1169-1185	23	26	IL
4WF9_X_1067-1073_1167-1183	23	26	IL
6ERI_AA_1051-1057_1151-1166	23	26	IL
6D9J_5_1072-1076_1198-1205	24	27	IL
4V8P_D1_1469-1475_2348-2353	24	28	SR
4V8P_D1_829-833_955-962	24	27	SR
5ML7_B_11-21_83-84	24	28	IL
5ZEB_a_241-246_276-283	24	28	IL
6EK0_L5_2357-2363_3857-3862	24	27	IL
6EK0_L5_2866-2871_2876-2882	24	27	IL
6CHR_A_428-433_490-496	24	27	IL
3J7Q_5_2331-2336_2341-2347	24	27	IL
3J7Q_5_2688-2694_3294-3300	24	28	IL
3J7Q_5_1822-1828_2650-2655	24	27	IL
5V93_a_240-245_275-282	24	28	IL
5OOL_A_235-239_338-345	24	27	IL
5XXB_1_894-898_1020-1027	24	27	IL
5TBW_1_1332-1339_1359-1363	24	27	KT
6GAW_BA_241-245_345-352	24	27	IL
4V91_1_1387-1394_1414-1418	24	27	IL
4V91_1_1443-1449_2353-2358	24	27	IL
4LFB_A_667-671_682-689	24	27	KT
6EK0_L5_1521-1525_1647-1654	24	27	IL
6D9J_5_1741-1747_2546-2551	24	27	IL
4V8P_D1_1941-1946_1951-1957	24	27	IL
3J7Q_5_1115-1119_1241-1248	24	27	SR
4V91_1_1917-1922_1927-1933	24	27	IL
4V91_1_804-808_930-937	24	27	IL
6AZ3_1_853-857_979-986	24	27	IL
5TBW_1_749-753_875-882	24	27	IL
5T5H_A_639-643_765-772	24	27	IL
4C4W_H_2-6_25-32	24	28	KT
5XY3_3_71-77_97-102	24	28	IL
5XY3_4_69-72_80-88	24	28	IL
5TBW_1_1862-1867_1872-1878	24	27	IL
5TBW_1_1388-1394_2161-2166	24	27	SR
3J7P_S2_1476-1482_1501-1507	24	28	IL
5XXB_1_1540-1546_2466-2471	24	27	IL
5OPT_E_1579-1586_1597-1602	25	29	IL
6ERI_AA_684-688_809-816	25	29	IL
4LFB_A_864-871_882-887	25	29	SR
6HA1_a_895-902_913-918	25	29	IL
6ERI_BA_835-842_853-858	25	29	IL
6HA1_A_240-247_255-261	25	29	IL
4IOA_X_714-720_735-742	25	29	IL
6AZ1_1_1462-1469_1480-1485	25	29	IL
4Y4O_2A_1087-1095_1152-1156	25	29	IL
3IGI_A_295-302_315-320	25	29	SR
6AZ3_1_78-85_93-98	25	29	IL
5NGM_Aa_895-902_913-918	25	29	IL
5J7L_DA_238-244_252-257	25	29	SR
6ERI_AA_1070-1078_1135-1139	25	29	IL
6AZ3_1_1024-1030_1155-1159	26	30	IL
4V9F_0_13-18_509-514	26	30	EL
6ERI_AA_866-871_923-928	26	30	IL
5XY3_1_1101-1108_1127-1131	26	30	IL
3J79_A_1535-1542_1562-1566	26	30	KT
6ERI_AA_2483-2486_2496-2499	27	31	IL
5O60_A_2690-2693_2703-2706	27	31	IL
6AZ3_2_1273-1276_1286-1289	27	31	IL
4V8P_D1_2823-2826_2836-2839	27	31	TS
5J7L_AA_1258-1261_1272-1275	27	31	IL
4WF9_X_2493-2496_2506-2509	27	31	EL
5V7Q_A_2704-2707_2717-2720	27	31	IL
5J7L_DA_2466-2469_2479-2482	27	31	TS
6HA1_A_2495-2498_2508-2511	27	31	IL
4V9F_0_2494-2497_2507-2510	27	31	TS
3NPQ_A_15-17_26-30	27	31	IL
6EK0_L5_4412-4415_4425-4428	27	31	IL
3J7P_S2_1325-1327_1343-1347	27	31	IL
6ERI_AA_1339-1343_1351-1353	27	31	IL
6BK8_i_35-37_45-48	28	32	IL
4V8P_D1_3091-3095_3115-3119	28	32	HT
4V91_1_3103-3107_3127-3131	28	32	IL
5TBW_1_1111-1114_1273-1276	28	32	IL
3J7Q_5_3417-3421_3441-3445	28	32	HT
6ELZ_6_29-33_44-47	28	32	IL
6EK0_L5_4680-4684_4704-4708	28	32	IL
5XXB_1_3214-3218_3238-3242	28	32	IL
5TBW_1_2855-2859_2879-2883	28	32	HT
6D9J_5_1260-1264_1319-1323	29	33	IL
5Y7M_D_6-9_37-42	29	33	IL
5O60_A_2080-2083_2097-2101	29	33	IL
3PDR_X_45-49_62-66	29	33	IL
5V7Q_A_2097-2100_2111-2115	29	33	IL
4V8P_D1_166-170_247-251	29	33	IL
5MRC_aa_1370-1374_1397-1401	29	33	IL
4V8P_C3_71-77_97-102	30	34	SR
5V93_a_368-374_385-389	30	34	IL
5T5H_D_71-77_97-102	30	34	IL
6EK0_L5_117-121_146-152	30	34	IL
4IOA_X_164-169_178-184	30	34	SR
4IOA_X_215-221_229-234	30	34	SR
5XXB_1_592-597_611-617	30	34	IL
5O60_A_1135-1141_1257-1262	30	34	IL
4Y4O_2A_175-180_189-195	30	34	SR
6AZ3_8_71-77_97-102	30	34	IL
5V7Q_A_1146-1152_1268-1273	30	34	IL
5V93_a_1394-1397_1488-1492	31	35	IL
5OOL_A_668-672_752-755	31	35	IL
4IOA_X_870-874_926-930	32	36	CL
4IOA_X_615-619_628-632	32	36	EL
5OPT_E_1325-1329_1345-1349	32	36	IL
6ERI_AA_615-619_629-633	32	36	IL
4LFB_A_1284-1288_1311-1315	32	36	IL
5ZEB_a_1284-1288_1311-1315	32	36	IL
6HA1_a_1310-1314_1337-1341	32	36	IL
6HA1_A_904-908_961-965	32	36	IL
5NGM_Aa_1312-1316_1339-1343	32	36	IL
3J7A_A_1836-1840_1863-1867	32	36	IL
4Y4O_2A_903-907_959-963	32	36	CL
5V93_a_1294-1298_1321-1325	32	36	IL
5J7L_DA_605-609_617-621	32	36	EL
5J7L_AA_1302-1306_1329-1333	32	36	IL
4Y4O_2A_1401-1405_1414-1418	32	36	EL
4Y4O_2A_627-631_641-645	32	36	EL
6AZ1_1_1236-1240_1256-1260	32	36	IL
4V8P_D1_781-785_793-797	32	36	IL
6HA1_A_649-653_663-667	32	36	IL
5XYI_2_1346-1350_1372-1376	32	36	IL
6ERI_BA_1250-1254_1277-1281	32	36	IL
6D9J_2_1440-1444_1467-1471	32	36	IL
4V5O_BA_1511-1515_1538-1542	32	36	IL
6EK0_S2_1603-1607_1630-1634	32	36	IL
6D9J_5_1266-1271_1313-1316	33	37	IL
6EK0_L5_1738-1743_1785-1788	33	37	IL
4V91_1_3004-3007_3139-3144	33	37	IL
5NGM_Aa_1268-1272_1281-1285	33	37	IL
4V8P_D1_1024-1029_1071-1074	33	37	CL
3J7Q_5_1314-1319_1361-1364	33	37	IL
5TBW_1_943-948_990-993	33	37	CL
5NWQ_A_17-19_28-34	33	37	IL
4V91_1_998-1003_1045-1048	33	37	IL
5TBW_1_2756-2759_2891-2896	33	37	IL
5XXB_1_1087-1092_1134-1137	33	37	IL
3J7P_S2_1589-1592_1685-1688	34	38	IL
5OPT_E_2187-2190_2262-2265	34	38	IL
3IGI_A_157-160_215-218	34	38	IL
4V91_1_3342-3345_3360-3363	34	38	IL
5XYI_2_1458-1461_1523-1526	34	38	IL
4V88_A6_1652-1655_1743-1746	34	38	TS
4V8P_D1_3299-3302_3315-3318	34	38	TS
5XXB_1_849-852_858-861	34	38	IL
5XXU_2_1650-1653_1734-1737	34	38	IL
6D9J_2_1569-1572_1625-1628	34	38	IL
6EK0_L5_5013-5016_5031-5034	34	38	IL
6AZ1_1_2072-2075_2146-2149	34	38	IL
3J7Q_5_3666-3669_3684-3687	34	38	IL
5AOX_C_57-60_73-76	34	38	TS
5BTP_B_11-14_40-43	34	38	TS
5XXB_1_3424-3427_3440-3443	34	38	IL
5TBW_1_3094-3097_3112-3115	34	38	IL
3J7P_S2_1605-1608_1670-1673	34	38	TS
6D9J_2_1553-1556_1640-1643	34	38	IL
6FYY_2_1650-1653_1741-1744	34	38	IL
6EK0_S2_1716-1719_1812-1815	34	38	IL
6EK0_S2_1732-1735_1797-1800	34	38	IL
6D9J_5_3543-3546_3556-3559	34	38	IL
5OPT_E_1744-1746_1945-1951	35	39	IL
5J7L_DA_2686-2690_2717-2721	35	39	IL
6FYY_2_1274-1276_1427-1433	35	39	IL
4V5O_BA_1247-1249_1400-1406	35	39	IL
6EK0_S2_1332-1334_1491-1497	35	39	IL
4V88_A6_1275-1277_1429-1435	35	39	IL
6AZ1_1_1627-1629_1830-1836	35	39	IL
3J7A_A_1376-1378_1675-1681	35	39	IL
3J7P_S2_1205-1207_1364-1370	35	39	IL
5T5A_A_5-8_52-56	36	40	IL
6D9J_2_489-492_504-507	36	40	IL
6GAW_BA_671-675_754-757	36	40	IL
3J7Q_5_120-121_146-151	36	40	IL
5XY3_1_2278-2285_2313-2322	37	41	IL
4V91_1_2823-2830_2858-2867	37	41	IL
6FYY_2_649-655_676-682	37	41	IL
5TBW_1_2575-2582_2610-2619	37	41	IL
4V88_A6_1223-1230_1253-1258	38	42	IL
6HIW_CA_96-101_122-130	38	42	IL
6ERI_AA_2755-2759_2779-2783	39	43	IL
4V8P_D1_562-567_600-603	39	43	IL
4V8P_D1_1193-1197_1354-1358	39	43	HT
5OOL_A_478-482_577-581	39	43	IL
3J79_A_1294-1298_1455-1459	39	43	HT
5XY3_1_1244-1248_1261-1266	39	43	IL
5O60_A_2961-2965_2985-2989	39	43	IL
5V7Q_A_2975-2979_2999-3003	39	43	IL
5J7L_DA_2737-2741_2761-2765	39	43	HT
5OQL_1_650-655_667-671	39	43	IL
5V7Q_A_830-835_852-858	40	44	IL
6HA1_A_748-753_770-776	40	44	IL
4Y4O_2A_747-752_769-775	40	44	EL
5O60_A_816-821_838-844	40	44	IL
5O60_A_1321-1328_1348-1352	40	44	IL
4V91_1_832-837_854-860	40	44	IL
5TBW_1_777-782_799-805	40	44	IL
5T5H_A_667-672_689-695	40	44	IL
6AZ3_1_881-886_903-909	40	44	IL
3J7Q_5_1312-1313_1365-1367	41	45	IL
6D9J_5_1264-1265_1317-1319	41	45	IL
6EK0_L5_1736-1737_1789-1791	41	45	IL
6AZ3_1_1045-1046_1098-1100	41	45	IL
4V8P_D1_1022-1023_1075-1077	41	45	IL
4V91_1_996-997_1049-1051	41	45	IL
5TBW_1_941-942_994-996	41	45	IL
5XXB_1_1085-1086_1138-1140	41	45	IL
2HW8_B_8-11_20-27	42	46	L1C
4IOA_X_1220-1227_1246-1250	42	46	KT
6ERI_AA_79-83_95-102	42	46	IL
4Y1M_B_6-13_94-99	42	46	IL
5V7Q_A_1338-1345_1364-1368	42	46	IL
3G9C_Q_95-101_118-125	43	47	IL
4V91_1_3179-3187_3205-3210	43	47	IL
3J79_A_1474-1480_1498-1505	43	47	IL
5TBW_1_2931-2939_2957-2962	43	47	IL
5V7Q_B_26-27_53-57	44	48	IL
4KQY_A_45-48_77-79	44	48	IL
3J7P_S2_48-51_413-415	44	48	IL
5FJC_A_43-46_55-57	44	48	IL
3V7E_C_43-46_87-89	44	48	IL
4AOB_A_43-46_55-57	44	48	IL
5J7L_DA_1432-1434_1556-1559	44	48	IL
6EK0_L7_25-26_51-55	44	48	IL
6DZP_B_28-29_55-59	44	48	IL
4OQU_A_23-26_45-47	44	48	IL
2YGH_A_43-46_55-57	44	48	IL
3J9M_AA_614-615_681-685	44	48	IL
5V93_a_985-989_1034-1035	44	48	IL
6GAZ_AA_616-617_683-687	44	48	IL
5ZEB_a_974-978_1023-1024	44	48	IL
6DZI_B_28-29_55-59	44	48	IL
1F1T_A_5-6_28-32	44	48	IL
5OOL_A_926-937_953-956	45	49	IL
5OPT_E_1819-1826_1878-1888	45	49	IL
5XY3_1_1794-1805_1821-1824	45	49	IL
4V8P_D1_2654-2656_2674-2678	46	50	IL
4WF9_X_303-305_408-412	46	50	IL
3J7Q_5_2502-2506_2531-2533	46	50	IL
6AZ3_2_1092-1094_1112-1116	46	50	IL
6D9J_5_3202-3204_3336-3340	46	50	IL
5V7Q_A_2758-2760_2777-2781	46	50	IL
5AN9_N_2998-3000_3018-3022	46	50	IL
4V91_1_2205-2209_2234-2236	46	50	IL
5T5H_B_604-606_617-621	46	50	IL
3J79_B_20-25_55-56	46	50	IL
5T2A_B_1029-1031_1049-1053	46	50	IL
3J7Q_5_116-120_151-153	46	50	IL
5TBW_1_2013-2017_2042-2044	46	50	IL
5XXU_2_560-566_573-581	47	51	IL
3J7P_S2_549-555_562-570	47	51	IL
6FRK_1_106-110_238-246	47	51	IL
5XYI_2_483-489_496-504	47	51	IL
6D9J_2_534-540_547-555	47	51	IL
6AZ1_1_610-616_623-631	47	51	IL
4V5O_BA_555-561_568-576	47	51	KT
4V88_A6_561-567_574-582	47	51	KT
5OPT_E_616-622_629-637	47	51	IL
6FYY_2_560-566_573-581	47	51	IL
6EK0_S2_610-616_623-631	47	51	IL
3J7A_A_568-574_581-589	47	51	KT
4LFB_A_1236-1239_1258-1263	48	52	IL
5NGM_Aa_1318-1322_1333-1337	48	52	IL
3J7A_A_1978-1982_2006-2010	48	52	IL
6AZ3_4_130-134_154-158	48	52	IL
6ERI_AA_492-495_506-519	49	53	IL
4V91_1_375-378_389-402	49	53	IL
5TBW_1_373-376_387-400	49	53	IL
6HA1_A_2157-2164_2183-2187	50	54	IL
4IOA_X_1425-1429_1597-1604	50	54	IL
5J7L_AA_683-687_698-705	50	54	KT
6HA1_a_691-695_706-713	50	54	IL
5MRC_aa_688-694_820-825	50	54	IL
5V93_a_448-453_467-473	50	54	IL
5OPT_E_148-153_169-175	51	55	IL
6HA1_a_145-150_165-171	51	55	IL
5NGM_Aa_147-152_167-173	51	55	IL
5XXU_2_139-144_160-166	51	55	IL
6EK0_L5_81-87_95-100	51	55	IL
5J7L_AA_147-152_167-173	51	55	IL
6AZ1_1_148-153_169-175	51	55	IL
3J7Q_5_81-87_95-100	51	55	IL
6D9J_2_135-140_156-162	51	55	IL
4V5O_BA_137-142_158-164	51	55	IL
6EK0_S2_145-150_166-172	51	55	IL
6D9J_5_81-87_95-100	51	55	IL
3J7P_S2_145-150_166-172	51	55	IL
6CK5_A_17-20_42-43	52	56	IL
6D9J_5_3075-3076_3140-3143	52	56	IL
5XYI_2_684-685_781-784	52	56	IL
1MMS_C_36-39_50-51	52	56	IL
3J7Q_5_1576-1579_1590-1591	52	56	IL
5V93_a_1111-1113_1141-1143	52	56	IL
5XXU_2_1684-1686_1702-1704	52	56	IL
5TBW_1_1206-1209_1220-1221	52	56	IL
6ERI_BA_896-898_1178-1180	52	56	IL
4V91_1_1261-1264_1275-1276	52	56	IL
3J79_A_190-192_237-239	52	56	IL
4WF9_Y_5-7_106-108	52	56	IL
4Y4O_2A_1354-1357_1647-1648	52	56	IL
5NGM_Aa_1128-1130_1162-1164	52	56	IL
5AN9_N_1496-1499_1510-1511	52	56	IL
6FYY_2_710-712_724-726	52	56	IL
6FYY_2_823-825_843-845	52	56	IL
3J79_A_443-445_700-702	52	56	IL
3J7P_S2_153-155_161-163	52	56	IL
6ERI_AA_1114-1117_1128-1129	52	56	IL
6ERI_AA_1330-1333_1638-1639	52	56	IL
5V7Q_A_1215-1218_1229-1230	52	56	IL
4Y4O_2A_315-317_365-369	53	57	IL
6ERI_AA_302-304_351-355	53	57	IL
5V7Q_A_374-376_425-429	53	57	IL
5ZEB_a_1398-1401_1464-1467	53	57	IL
6HA1_a_1266-1269_1280-1283	53	57	IL
6EK0_L5_2414-2418_2426-2428	53	57	IL
6CHR_A_9-12_339-341	53	57	IL
4WF9_X_335-337_385-389	53	57	IL
3J7A_A_1949-1952_2035-2038	53	57	IL
3J7Q_5_1879-1883_1891-1893	53	57	IL
4V88_A6_1668-1671_1728-1731	53	57	TS
4V5O_BA_682-685_714-717	53	57	IL
5J7L_AA_439-440_492-496	53	57	IL
6ASO_I_3-6_65-68	53	57	IL
6D9J_5_1798-1802_1810-1812	53	57	IL
4N0T_B_3-6_65-68	53	57	IL
3J79_A_3733-3736_3751-3754	53	57	IL
5MRC_aa_296-298_309-313	53	57	IL
5V93_a_438-439_483-487	53	57	IL
6FYY_2_1666-1669_1726-1729	53	57	IL
4V8P_D1_703-707_720-724	54	58	IL
5ZEB_a_1235-1238_1257-1262	54	58	IL
3J7Q_5_162-166_267-271	54	58	IL
5V93_a_1246-1249_1268-1273	54	58	IL
6AZ1_1_41-47_473-475	54	58	IL
4V9F_0_1534-1538_1631-1635	54	58	EL
5OPT_E_42-48_478-480	54	58	IL
5V7Q_A_1004-1008_1026-1030	54	58	IL
4IOA_X_1331-1335_1343-1345	55	59	CL
6HA1_A_1357-1361_1369-1371	55	59	IL
5O60_A_2573-2576_2587-2590	55	59	IL
5OQL_1_159-161_173-177	55	59	IL
6HA1_A_2378-2381_2392-2395	55	59	IL
6EK0_L5_1430-1433_1449-1452	55	59	IL
5XY3_1_2702-2705_2720-2723	55	59	IL
4V9F_0_2865-2868_2873-2876	55	59	TS
4WF9_X_2376-2379_2390-2393	55	59	TS
4Y4O_2A_2360-2363_2374-2377	55	59	TS
4ZNP_A_8-11_36-39	55	59	TS
5J7L_DA_2349-2352_2363-2366	55	59	TS
4WF9_X_1355-1359_1367-1369	55	59	IL
3D0U_A_15-18_66-69	55	59	TS
3J7Q_5_1024-1027_1043-1046	55	59	TS
4IOA_X_2328-2331_2342-2345	55	59	TS
6D9J_5_982-985_1000-1003	55	59	IL
5OQL_1_453-456_474-477	55	59	IL
3JAN_4_149-155_180-184	56	60	IL
6FRK_1_180-186_211-215	56	60	IL
1MFQ_A_69-75_100-104	56	60	IL
6ERI_BA_553-559_575-579	56	60	IL
4V8P_D1_2205-2210_2223-2228	56	60	IL
4V91_1_2210-2215_2228-2233	56	60	IL
5TBW_1_2018-2023_2036-2041	56	60	IL
3JB9_C_12-13_77-83	57	61	IL
5J7L_DA_274-279_359-361	57	61	IL
5Y7M_D_1-4_44-48	57	61	IL
6AZ4_A_12-16_27-30	57	61	IL
1KXK_A_14-18_53-56	57	61	TR
1U6B_B_57-61_76-79	57	61	TR
2R8S_R_120-124_144-147	57	61	TR
3Q1Q_C_31-34_43-47	57	61	TR
4K27_U_18-22_33-36	57	61	TR
4WZJ_XXX_45-48_55-59	57	61	TR
6HA1_A_890-894_976-979	57	61	IL
6AZ1_1_1787-1789_1807-1812	57	61	IL
5BTM_A_18-22_33-36	57	61	TR
5XTM_B_2-5_40-44	57	61	IL
5TC1_R_2782-2786_2790-2793	57	61	IL
5M0H_A_13-17_28-31	57	61	TR
6CHR_A_517-520_531-535	57	61	TR
5XXB_1_2505-2507_3095-3096	58	62	IL
4WF9_X_2533-2534_2606-2608	58	62	IL
6AZ3_2_1313-1314_1386-1388	58	62	IL
1M5K_B_71-73_78-80	58	62	IL
5V93_a_133-135_221-223	58	62	IL
4V9F_0_2084-2086_2643-2644	58	62	IL
4Y4O_2A_2517-2518_2590-2592	58	62	IL
6EK0_L5_3896-3898_4561-4562	58	62	IL
4IOA_X_2485-2486_2558-2560	58	62	IL
6AZ3_3_18-20_205-206	58	62	IL
5XY3_1_1910-1912_2439-2440	58	62	IL
5J7L_DA_2506-2507_2579-2581	58	62	IL
5V7Q_A_2744-2745_2817-2819	58	62	IL
4V8P_D1_2387-2389_2972-2973	58	62	IL
5AN9_N_3208-3209_3281-3283	58	62	IL
4V91_1_2392-2394_2985-2986	58	62	IL
5T5H_B_391-393_868-869	58	62	IL
5T5H_B_770-771_832-834	58	62	IL
5T2A_B_576-578_1359-1360	58	62	IL
6AZ3_2_637-639_1422-1423	58	62	IL
5TBW_1_173-174_236-239	58	62	IL
5TBW_1_2200-2202_2737-2738	58	62	IL
3J79_A_2685-2687_3343-3344	58	62	IL
5MRC_A_2772-2773_2846-2848	58	62	IL
4Y4O_2A_2646-2650_2785-2793	59	63	IL
6ERI_AA_2652-2656_2791-2799	59	63	IL
4V88_A6_1110-1117_1128-1133	59	63	SR
5XXB_1_1811-1817_1827-1833	59	63	IL
4WF9_X_2662-2666_2800-2808	59	63	IL
6FYY_2_1109-1116_1127-1132	59	63	IL
6EK0_S2_1167-1174_1185-1190	59	63	IL
5XXU_2_1105-1112_1123-1128	59	63	IL
4IOA_X_2614-2618_2753-2761	59	63	IL
3J7P_S2_1040-1047_1058-1063	59	63	SR
6HA1_A_2664-2668_2802-2810	59	63	IL
3J7Q_5_1018-1022_1048-1053	60	64	IL
5XXB_1_170-173_255-261	60	64	IL
5T5H_A_210-211_215-225	61	65	IL
6EK0_L5_2301-2308_2328-2332	61	65	IL
6D9J_5_1685-1692_1712-1716	61	65	IL
6AZ3_1_241-242_246-256	61	65	IL
3J7Q_5_1766-1773_1793-1797	61	65	KT
4WF9_X_2764-2768_2788-2792	62	66	IL
5TBW_1_1589-1593_1750-1754	62	66	IL
4V8P_D1_858-862_879-883	62	66	IL
4V91_1_1644-1648_1805-1809	62	66	IL
4V88_A6_1677-1681_1718-1722	62	66	EL
4V9F_0_786-790_807-811	62	66	EL
6HA1_A_2766-2770_2790-2794	62	66	IL
6FYY_2_1675-1679_1716-1720	62	66	IL
5MRC_A_2731-2735_2745-2749	62	66	IL
3J9M_AA_419-422_440-443	63	67	IL
5J7L_DA_2679-2683_2724-2726	63	67	CL
6GAZ_AA_418-421_439-442	63	67	IL
4V9F_0_32-33_432-434	64	68	IL
4V9F_0_921-923_1031-1033	64	68	IL
5O60_A_2292-2293_2661-2664	64	68	IL
6EK0_L5_2843-2845_3841-3843	64	68	IL
5XXB_1_1997-1999_2450-2452	64	68	IL
5XXB_1_2524-2525_2917-2920	64	68	IL
3J7Q_5_2308-2310_2634-2636	64	68	IL
3J7Q_5_2708-2709_3120-3123	64	68	IL
5OOL_A_1283-1284_1297-1299	64	68	IL
6GAW_BA_1064-1065_1260-1263	64	68	IL
4V9F_0_1733-1735_2028-2030	64	68	IL
4V9F_0_2103-2104_2465-2468	64	68	IL
5MRC_A_1614-1616_1894-1896	64	68	IL
4Y4O_2A_2090-2091_2448-2451	64	68	IL
6HA1_A_2098-2099_2466-2469	64	68	IL
4WF9_X_2096-2097_2464-2467	64	68	IL
6AZ3_2_656-657_1244-1247	64	68	IL
5XY3_1_1929-1930_2262-2265	64	68	IL
6D9J_5_2604-2605_3003-3006	64	68	IL
4Y4O_2A_1708-1710_2015-2017	64	68	IL
5OOL_A_1062-1063_1254-1257	64	68	IL
4V8P_D1_1918-1920_2332-2334	64	68	IL
4V8P_D1_2406-2407_2794-2797	64	68	IL
4IOA_X_2052-2053_2416-2419	64	68	IL
5AN9_N_2677-2678_3139-3142	64	68	IL
4V91_1_1894-1896_2337-2339	64	68	IL
4V91_1_2411-2412_2807-2810	64	68	IL
5T5H_B_410-411_737-740	64	68	IL
6EK0_L5_3915-3916_4383-4386	64	68	IL
5T2A_B_595-596_1181-1184	64	68	IL
5J7L_DA_1662-1664_1994-1996	64	68	IL
5MRC_A_1969-1970_2703-2706	64	68	IL
5TBW_1_1839-1841_2145-2147	64	68	IL
5TBW_1_2219-2220_2559-2562	64	68	IL
3J79_A_2162-2164_2630-2632	64	68	IL
3J79_A_2704-2705_3165-3168	64	68	IL
4YAZ_R_3-6_76-80	65	69	IL
3DD2_B_2-7_20-22	65	69	IL
3J7A_A_37-40_471-475	65	69	IL
6FYY_2_37-40_464-468	65	69	IL
6ERI_Ax_22-26_54-57	65	69	IL
6GAW_BA_1-3_146-151	65	69	IL
4V88_A6_37-40_465-469	65	69	IL
4V8P_D1_3289-3294_3322-3326	66	70	IL
4V91_1_3332-3337_3367-3371	66	70	IL
6D9J_5_3251-3256_3281-3285	66	70	IL
6EK0_L5_4631-4636_4661-4665	66	70	IL
3J7Q_5_3368-3373_3398-3402	66	70	IL
6HA1_A_1755-1760_1771-1775	66	70	IL
5TBW_1_3084-3089_3119-3123	66	70	SR
6ERI_AA_1223-1228_1258-1262	66	70	IL
5OQL_2_111-114_189-195	66	70	IL
5XYM_B_28-30_54-59	67	71	IL
6EK0_L5_1424-1427_1455-1459	67	71	IL
6EK0_L5_4581-4584_4716-4720	67	71	IL
3J7Q_5_3318-3321_3453-3457	67	71	IL
5J7L_AA_46-51_358-360	67	71	IL
6D9J_5_976-979_1006-1010	67	71	IL
1U9S_A_61-64_86-87	68	72	CL
4LFB_A_1110-1114_1124-1125	68	72	IL
5ZEB_a_1108-1111_1122-1123	68	72	IL
5FLX_z_66-68_97-99	68	72	IL
5XYI_2_319-321_336-338	68	72	IL
5V93_a_1119-1122_1133-1134	68	72	IL
3J79_A_1826-1828_1995-1997	68	72	IL
6AHU_A_196-198_207-209	68	72	IL
6HA1_a_1137-1140_1149-1150	68	72	IL
5J7L_AA_1128-1131_1141-1142	68	72	IL
3J7Q_5_3272-3274_3283-3286	68	72	IL
4LFB_A_552-558_857-858	69	73	IL
5V7Q_A_1654-1658_1813-1816	69	73	IL
5V7Q_A_1705-1708_1758-1762	69	73	IL
6AZ3_2_1143-1147_1163-1166	69	73	IL
5J7L_AA_568-574_879-880	69	73	IL
5O60_A_1868-1873_2227-2229	69	73	IL
3J9M_AA_287-293_485-486	69	73	IL
6ERI_AA_1559-1562_1575-1579	69	73	IL
4Y4O_2A_1481-1484_1596-1600	69	73	IL
5VT0_R_63-67_83-86	69	73	IL
6GAZ_AA_289-295_483-484	69	73	IL
6HA1_a_576-582_888-889	69	73	IL
5T5H_B_648-652_668-671	69	73	IL
5T2A_B_1080-1084_1100-1103	69	73	IL
6ERI_BA_516-522_828-829	69	73	IL
5MRC_aa_53-58_362-364	69	73	IL
1F1T_A_7-9_22-27	69	73	IL
5NGM_Aa_576-582_888-889	69	73	IL
5ZEB_a_548-554_861-862	69	73	IL
5XYI_2_714-718_729-736	70	74	IL
5AN9_N_2422-2427_2438-2445	70	74	IL
4V88_A6_1487-1493_1512-1517	70	74	IL
5MRC_aa_245-250_281-288	70	74	IL
3J7A_A_316-321_353-360	70	74	KT
5V7Q_A_322-324_450-454	71	75	IL
4V9F_0_240-241_252-257	71	75	IL
6AZ1_1_845-847_902-906	71	75	IL
2A64_A_190-192_236-240	71	75	IL
4V8P_D1_1526-1530_1538-1540	71	75	IL
4V91_1_2666-2668_2686-2690	71	75	IL
4IOA_X_2275-2277_2295-2299	71	75	IL
4V91_1_976-980_1101-1103	71	75	IL
5TBW_1_2418-2420_2438-2442	71	75	IL
3J79_A_3004-3006_3024-3028	71	75	IL
3J7Q_5_1307-1312_1367-1372	72	76	CL
6AZ3_1_1040-1045_1100-1105	72	76	IL
6EK0_L5_1731-1736_1791-1796	72	76	IL
5MRC_A_779-784_840-845	72	76	IL
5T5H_A_826-831_837-842	72	76	IL
5V7Q_A_569-572_583-596	73	77	IL
4MGN_A_4-13_71-81	73	77	SR
5XY3_1_348-351_363-375	73	77	IL
5O60_A_568-571_582-595	73	77	IL
4V9F_0_555-559_583-586	74	78	IL
3J7P_S2_36-39_452-456	74	78	IL
5V7Q_A_1885-1890_2241-2243	74	78	IL
6D9J_2_36-39_437-441	74	78	IL
6EK0_S2_36-39_513-517	74	78	IL
6D9J_2_1544-1547_1649-1653	74	78	IL
1ET4_A_12-16_28-31	74	78	IL
6D9J_2_773-777_856-860	75	79	IL
6CK5_A_12-15_45-50	75	79	IL
5J7L_AA_579-583_756-760	75	79	EL
4WF9_X_1756-1760_1767-1771	75	79	IL
6HA1_a_511-518_547-548	75	79	IL
6ERI_BA_451-458_487-488	75	79	IL
5J7L_AA_503-510_539-540	75	79	RS
5T5H_A_439-441_447-454	76	80	IL
5J7L_AA_1429-1434_1465-1469	76	80	IL
1Y0Q_A_45-50_56-60	76	80	IL
2R8S_R_19-24_94-98	76	80	IL
6GAZ_AA_632-633_642-650	76	80	IL
5OQL_1_38-40_51-54	77	81	IL
1M5K_B_19-22_60-62	77	81	IL
6GAW_BA_605-607_624-627	77	81	IL
3P49_A_45-48_61-62	77	81	IL
6G90_1_76-79_122-124	77	81	IL
5ZWN_P_76-79_122-124	77	81	IL
4V88_A6_1644-1646_1752-1755	77	81	IL
5T5H_A_120-121_141-146	78	82	IL
6EK0_S2_1041-1045_1071-1072	78	82	IL
5TBW_1_120-121_141-146	78	82	IL
3J7P_S2_914-918_944-945	78	82	IL
6EK0_L5_1755-1760_1767-1774	79	83	IL
6EK0_L5_2481-2486_2490-2495	79	83	IL
5XXB_1_2269-2274_2285-2292	79	83	IL
6HA1_A_80-84_96-103	79	83	IL
5TBW_1_1963-1968_1980-1987	79	83	KT
5O60_A_77-81_94-101	79	83	IL
4WF9_X_80-84_96-103	79	83	KT
4V91_1_2155-2160_2172-2179	79	83	IL
5ZEB_a_1413-1417_1449-1452	80	84	IL
6HA1_a_1438-1442_1474-1477	80	84	IL
5NGM_Aa_1440-1444_1476-1479	80	84	IL
4R4V_A_19-23_37-40	80	84	IL
5J7L_DA_1650-1655_2003-2005	80	84	IL
5V93_a_1423-1427_1458-1461	80	84	IL
4V8P_D1_124-127_137-140	80	84	TS
6GAZ_AA_859-862_906-909	80	84	IL
4Y4O_2A_1696-1701_2024-2026	80	84	IL
4IOA_X_1667-1672_1986-1988	80	84	IL
6ERI_BA_1379-1383_1414-1417	80	84	IL
6HA1_A_1695-1700_2032-2034	80	84	IL
5ZEB_a_439-441_471-476	80	84	IL
5G2X_A_173-182_350-359	81	85	IL
3J7A_A_1724-1732_1814-1824	81	85	IL
5MRC_A_942-948_1105-1119	81	85	IL
6EK0_L5_386-389_400-413	82	86	IL
3J7Q_5_386-389_400-413	82	86	IL
6ERI_BA_379-386_397-403	82	86	IL
6D9J_5_380-383_394-407	82	86	IL
5V7Q_A_623-628_653-658	83	87	IL
5XTM_D_15-22_29-32	83	87	IL
6D9J_2_486-488_508-515	83	87	IL
5DCV_D_17-24_31-34	83	87	IL
4LCK_F_5-11_93-96	83	87	KT
5OPT_E_564-566_590-597	83	87	IL
4OJI_A_4-8_43-49	83	87	IL
5GAN_V_27-33_42-45	83	87	IL
5GAP_V_27-33_42-45	83	87	IL
5XTM_B_15-22_29-32	83	87	IL
6HA1_a_452-456_490-495	83	87	IL
5NGM_Aa_453-457_490-495	83	87	IL
4RUM_A_14-16_32-36	84	88	IL
4Y4O_2A_1363-1367_1375-1377	84	88	CL
5XXB_3_26-28_47-51	84	88	IL
5TBW_1_1445-1449_1457-1459	84	88	IL
6ERI_BA_544-546_586-590	84	88	IL
4V91_1_1500-1504_1512-1514	84	88	IL
4WF9_X_2323-2325_2343-2347	84	88	IL
5XY3_3_26-28_46-50	84	88	IL
4IOA_X_1490-1493_1529-1532	84	88	TS
6GAW_BA_72-78_86-91	85	89	SR
1NBS_B_52-57_79-85	85	89	SR
5OOL_A_68-74_82-87	85	89	SR
5XYM_B_34-38_44-48	86	90	IL
5V7Q_B_32-36_42-46	86	90	IL
6DZI_B_34-38_44-48	86	90	IL
6DZP_B_34-38_44-48	86	90	IL
5O60_A_1121-1128_1268-1269	86	90	IL
4V9F_0_283-287_348-353	86	90	SR
5XY3_3_30-34_40-44	86	90	IL
6CHR_A_79-81_96-98	87	91	IL
5F5F_F_4-6_13-15	87	91	IL
4WF9_Y_2-4_109-111	87	91	IL
3W3S_B_50-52_63-65	87	91	IL
5V93_a_1000-1002_1011-1013	87	91	IL
5F5F_B_4-6_13-15	87	91	IL
6EK0_S2_1346-1348_1379-1381	87	91	IL
4V88_A6_1289-1291_1322-1324	87	91	IL
3J7Q_5_775-777_788-790	87	91	IL
6HA1_a_67-69_96-98	87	91	IL
6EK0_L5_4579-4581_4720-4722	87	91	IL
6D9J_2_1193-1195_1226-1228	87	91	IL
5OQL_1_493-495_501-503	87	91	IL
4V8P_D1_456-461_515-520	88	92	CL
1U63_D_9-12_32-39	88	92	L1C
2VPL_B_8-11_31-38	88	92	L1C
6HA1_A_1391-1393_1414-1417	89	93	IL
6CHR_A_218-220_223-226	89	93	IL
5V93_a_407-410_429-431	89	93	IL
5J7L_DA_1352-1354_1375-1378	89	93	IL
4V5O_BA_508-510_525-528	89	93	EL
6ERI_AB_46-48_74-77	89	93	IL
4IOA_X_1365-1367_1388-1391	89	93	IL
5O60_A_1467-1469_1490-1493	89	93	IL
4WF9_X_1389-1391_1412-1415	89	93	IL
6ERI_AA_1373-1375_1396-1399	89	93	IL
6ERI_AA_1453-1455_1590-1593	89	93	IL
5V7Q_A_1483-1485_1506-1509	89	93	IL
5XYM_B_71-79_94-102	90	94	IL
3J7Q_5_2506-2514_2523-2531	90	94	IL
5V7Q_B_69-77_92-100	90	94	IL
6DZI_B_71-79_94-102	90	94	IL
6DZP_B_71-79_94-102	90	94	IL
3IGI_A_148-155_220-224	91	95	IL
6GAW_BA_640-646_1005-1010	91	95	SR
5FLX_z_69-74_90-96	91	95	IL
4RGE_C_2-7_46-53	91	95	IL
4Y4O_2A_1307-1313_2031-2036	91	95	IL
4IOA_X_1275-1281_1993-1998	91	95	SR
5MRC_A_1295-1301_1910-1915	91	95	SR
6ERI_AA_1283-1289_2024-2029	91	95	IL
3GS5_C_5-11_22-30	92	96	IL
4IOA_Y_72-80_99-107	92	96	IL
3Q3Z_V_6-7_53-67	92	96	IL
3J7Q_5_1532-1542_1595-1601	92	96	IL
6ERI_Ax_69-77_96-104	92	96	IL
5XXB_1_2945-2949_2959-2963	93	97	IL
6D9J_5_3031-3035_3045-3049	93	97	IL
5AN9_N_3167-3171_3181-3185	93	97	IL
5T2A_B_1209-1213_1223-1227	93	97	IL
3J7Q_5_3148-3152_3162-3166	93	97	IL
3J79_A_3193-3197_3207-3211	93	97	IL
5OPT_E_1689-1699_1722-1730	94	98	IL
6AZ1_1_352-359_391-400	94	98	IL
5FDV_1B_33-37_43-47	95	99	IL
4WF9_Y_31-35_41-45	95	99	IL
4V8P_C3_31-35_40-44	95	99	IL
6GAZ_AA_536-540_823-827	95	99	IL
3J79_B_31-35_40-44	95	99	IL
6HA1_B_29-33_39-43	95	99	IL
4V8P_D1_80-86_94-99	96	100	SR
4FRG_B_5-14_75-77	96	100	IL
3J9M_AA_492-499_510-515	96	100	IL
6GAW_BA_808-816_981-984	96	100	IL
3J9M_AA_108-113_131-138	96	100	IL
5AN9_N_1452-1460_1517-1521	96	100	IL
6ERI_BA_131-136_151-157	96	100	IL
5V7Q_A_1171-1179_1236-1240	96	100	IL
4V9F_0_1756-1761_1766-1772	97	101	IL
5XY3_1_1156-1162_1871-1876	97	101	IL
5V7Q_A_240-246_254-259	97	101	IL
5G2X_A_78-84_91-98	97	101	IL
5XYI_2_55-60_75-77	98	102	IL
3J7P_S2_796-799_886-890	98	102	IL
6EK0_L5_2445-2449_2508-2513	99	103	IL
3J7Q_5_1910-1914_1973-1978	99	103	HT
6ERI_AA_885-890_905-909	99	103	IL
6D9J_5_1829-1833_1892-1897	99	103	IL
6AHD_I_27-33_41-44	99	103	IL
1E7K_C_2-8_16-19	99	103	KT
2OZB_C_8-14_22-25	99	103	KT
1I6U_C_11-12_23-26	100	104	CL
4LFB_A_580-581_623-626	100	104	CL
5J7L_AA_596-597_639-642	100	104	CL
5OPT_E_154-156_166-168	100	104	IL
4V8P_D1_2878-2879_2896-2899	100	104	IL
6D9J_2_768-769_865-868	100	104	IL
1U6B_B_153-156_168-169	100	104	TR
3IGI_A_333-334_345-348	100	104	TR
3T4B_A_16-19_33-34	100	104	TR
4PCJ_A_7-10_26-27	100	104	TR
4V91_1_3345-3347_3358-3360	100	104	IL
5F9R_A_86-88_95-97	100	104	IL
3J7Q_5_2306-2308_2636-2638	100	104	IL
3J7A_A_147-149_159-161	100	104	IL
5OQL_1_1449-1450_1546-1549	100	104	IL
5XYI_2_593-594_646-649	100	104	IL
5J7L_AA_76-78_89-91	100	104	IL
5J7L_AA_79-81_86-88	100	104	IL
6EK0_S2_1286-1287_1310-1313	100	104	IL
4V9F_0_1894-1897_1926-1927	100	104	IL
6ERI_BA_625-627_657-659	100	104	IL
6ERI_BA_718-720_753-755	100	104	IL
6ERI_AA_1698-1700_2008-2010	100	104	IL
3J79_A_1820-1822_2002-2004	100	104	IL
6AZ1_1_1581-1582_1605-1608	100	104	IL
6GSL_1K_1-3_69-71	100	104	IL
5NGM_Aa_1009-1011_1047-1049	100	104	IL
4IOA_X_1503-1506_1514-1515	100	104	IL
5IBB_1K_4-6_65-67	100	104	IL
5VZL_B_86-88_95-97	100	104	IL
3KTW_C_3-5_91-93	100	104	IL
5T5H_B_923-925_929-931	100	104	IL
6EK0_S2_921-922_1018-1021	100	104	IL
5XY3_1_934-936_1013-1015	100	104	IL
5XYI_2_1165-1167_1172-1174	100	104	IL
6EK0_L5_4467-4468_4485-4488	100	104	IL
5DCV_D_4-5_44-47	100	104	TR
6D9J_2_1133-1134_1157-1160	100	104	IL
6D9J_2_1245-1247_1281-1283	100	104	IL
4V88_A6_864-865_961-964	100	104	IL
3J7P_S2_754-756_774-776	100	104	IL
3J7P_S2_794-795_891-894	100	104	IL
5ZEB_a_576-577_619-622	100	104	IL
6ERI_AA_135-136_156-159	100	104	IL
5XTM_D_4-5_40-43	100	104	IL
5J7L_DA_23-28_510-515	101	105	EL
6HA1_A_23-28_556-561	101	105	IL
5O60_A_20-25_597-602	101	105	IL
4WF9_X_23-28_555-560	101	105	IL
4Y4O_2A_22-27_534-539	101	105	EL
5V7Q_A_23-28_598-603	101	105	IL
4IOA_X_23-28_520-525	101	105	EL
5XXU_2_57-62_85-87	102	106	IL
6ERI_AA_2094-2097_2251-2255	102	106	IL
1NBS_B_60-64_73-76	102	106	TR
6D9J_2_56-61_85-87	102	106	IL
6FYY_2_57-62_86-88	102	106	IL
5J7L_AA_1123-1126_1144-1148	102	106	IL
6EK0_S2_56-61_85-87	102	106	IL
4V88_A6_57-62_86-88	102	106	IL
5OQL_1_644-649_672-674	102	106	IL
4LFB_A_440-444_467-472	103	107	SR
4GMA_Z_85-89_152-157	103	107	IL
3KTW_C_52-58_83-86	103	107	IL
5V93_a_444-448_473-478	103	107	IL
5MRC_A_1637-1642_1648-1655	104	108	IL
5J7L_AA_1246-1252_1283-1289	104	108	IL
5NGM_Aa_1256-1262_1293-1299	104	108	IL
5V7Q_A_708-712_721-725	105	109	IL
5V93_a_1250-1254_1263-1267	105	109	IL
5O60_A_698-702_711-715	105	109	IL
5V93_a_410-414_425-429	105	109	IL
5TBW_1_1638-1642_1691-1696	106	110	IL
4V91_1_1693-1697_1746-1751	106	110	IL
4M4O_B_14-22_43-44	106	110	IL
4M6D_H_7-15_36-37	106	110	IL
5O60_A_355-363_437-438	106	110	IL
4LFB_A_366-370_384-385	107	111	CL
5XXU_2_442-446_459-460	107	111	IL
5XXB_1_2508-2510_3091-3094	107	111	IL
6ERI_BA_941-945_992-993	107	111	IL
5NGM_Aa_378-382_396-397	107	111	IL
3J7A_A_448-452_465-466	107	111	IL
5OQL_1_1026-1030_1043-1044	107	111	IL
5J7L_AA_992-996_1043-1044	107	111	IL
6ERI_BA_603-605_694-697	107	111	IL
3J9M_AA_186-190_204-205	107	111	IL
6AZ1_1_485-489_507-508	107	111	IL
6AZ3_2_640-642_1418-1421	107	111	IL
5OPT_E_490-494_512-513	107	111	IL
6D9J_5_2226-2229_2530-2533	107	111	IL
6HA1_a_1001-1005_1052-1053	107	111	IL
4Y4O_2A_1459-1460_1627-1631	107	111	IL
5NGM_Aa_1001-1005_1054-1055	107	111	IL
4V8P_D1_2390-2392_2968-2971	107	111	IL
5AN9_N_2661-2663_3313-3316	107	111	IL
4V91_1_2395-2397_2981-2984	107	111	IL
6FYY_2_441-445_458-459	107	111	IL
4LFB_A_970-974_1026-1027	107	111	IL
6HA1_a_377-381_395-396	107	111	IL
5T5H_B_394-396_864-867	107	111	IL
6EK0_L5_3899-3901_4557-4560	107	111	IL
6ERI_BA_341-345_359-360	107	111	IL
5MRC_aa_1469-1471_1588-1591	107	111	IL
4V88_A6_442-446_459-460	107	111	IL
4V5O_BA_434-438_451-452	107	111	IL
5TBW_1_2203-2205_2733-2736	107	111	IL
3J79_A_2688-2690_3339-3342	107	111	IL
4IOA_X_302-305_353-358	108	112	IL
3IWN_A_11-15_30-34	108	112	EL
3MXH_R_14-18_33-37	108	112	EL
3NDB_M_78-82_93-97	108	112	IL
3JBV_W_49-51_61-63	109	113	IL
3D0U_A_34-37_50-51	109	113	IL
3IGI_A_304-306_311-313	109	113	IL
6D9J_2_954-956_969-970	109	114	IL
5V7Q_A_977-979_1054-1056	109	113	IL
4LFB_A_640-641_730-732	109	114	IL
5ZEB_a_1036-1037_1179-1183	109	114	IL
5T5H_A_533-535_551-553	109	113	IL
6B44_M_45-47_57-59	109	113	IL
3J7Q_5_2701-2703_3127-3128	109	114	IL
6AZ3_2_131-133_341-343	109	113	IL
5OQL_1_295-298_341-342	109	113	IL
1RLG_D_1-3_21-23	109	113	IL
6EK0_S2_1107-1109_1122-1123	109	114	IL
3J7Q_5_1756-1758_1804-1806	109	113	IL
5V93_a_1047-1048_1190-1194	109	114	IL
5XXU_2_1149-1151_1618-1620	109	113	IL
5E81_1K_2-4_67-69	109	113	IL
5E81_1K_4-6_65-67	109	113	IL
6ERI_BA_617-619_681-683	109	113	IL
4V90_AV_10-12_21-23	109	113	IL
4V91_1_1562-1564_1573-1575	109	113	IL
5OPT_E_708-710_747-749	109	113	IL
6ERI_BA_1005-1006_1146-1150	109	114	IL
1XJR_A_18-19_27-30	109	113	IL
6GSK_3L_49-51_61-63	109	113	IL
6HA1_a_1065-1066_1206-1210	109	114	IL
5NGM_Aa_1067-1068_1208-1212	109	114	IL
3J7Q_5_940-942_1100-1102	109	113	IL
5V7Q_A_2307-2309_2673-2675	109	113	IL
6FYY_2_546-548_586-588	109	113	IL
6FYY_2_820-822_846-848	109	113	IL
5J7L_AA_1056-1057_1198-1202	109	114	IL
4V91_3_27-28_48-51	109	113	IL
5TBW_AS_27-28_48-51	109	113	IL
5T5H_A_707-710_719-721	109	114	IL
4V88_A6_821-823_847-849	109	113	IL
6HCJ_q3_10-12_19-21	109	113	IL
3J7P_S2_1235-1238_1245-1247	109	114	IL
3J7P_S2_1432-1434_1445-1447	109	113	IL
5V7Q_A_1515-1517_1530-1532	109	113	IL
5J7L_DA_1719-1723_1735-1739	110	115	EL
6HA1_A_2871-2876_2889-2893	110	115	IL
4WF9_X_2866-2871_2884-2888	110	115	SR
6AHU_A_178-184_219-222	110	115	IL
6D9J_5_1438-1447_1590-1592	111	116	IL
6EK0_L5_1910-1919_2062-2064	111	116	IL
3J7Q_5_1486-1495_1638-1640	111	116	RS
4Y4O_2A_891-895_971-974	112	117	IL
5XXU_2_362-364_375-380	112	117	IL
3J7A_A_368-370_381-386	112	117	IL
6D9J_2_334-336_347-352	112	117	IL
6AZ1_1_405-407_418-423	112	117	IL
5OPT_E_410-412_423-428	112	117	IL
6EK0_S2_410-412_423-428	112	117	IL
4V88_A6_362-364_375-380	112	117	IL
6FYY_2_361-363_374-379	112	117	IL
5OPT_E_197-204_225-228	113	118	IL
5T5H_G_47-52_77-81	113	118	IL
5AN9_N_3389-3394_3419-3423	113	118	IL
5XXB_1_459-464_536-541	113	118	IL
6EK0_L5_1956-1963_2022-2025	114	119	IL
2XXA_F_30-36_61-65	114	119	HT
5DCV_D_9-15_36-40	114	119	IL
6HA1_a_456-461_485-490	114	119	IL
5OQL_1_623-627_1049-1054	114	119	IL
6D9J_5_3299-3304_3324-3329	115	120	IL
5J7L_DA_1017-1023_1139-1143	115	120	IL
6GAW_BA_1506-1511_1533-1538	115	120	IL
5J7L_DA_81-84_96-103	115	120	L1C
6HA1_A_1063-1069_1185-1189	115	120	IL
3J79_A_31-36_45-51	115	120	SR
4WF9_X_1061-1067_1183-1187	115	120	IL
4KQY_A_17-21_31-38	116	121	KT
5XY3_1_1384-1390_1400-1406	116	121	IL
6ERI_AA_2669-2674_2679-2683	117	122	IL
5O60_A_2876-2881_2886-2890	117	122	IL
5V7Q_A_2890-2895_2900-2904	117	122	IL
4IOA_X_2631-2636_2641-2645	117	122	SR
3NDB_M_69-75_100-103	117	122	IL
6HA1_A_2681-2686_2691-2695	117	122	IL
4WF9_X_2679-2684_2689-2693	117	122	SR
4Y4O_2A_2663-2668_2673-2677	117	122	SR
5XYI_2_1086-1090_1232-1237	117	122	IL
5MRC_A_2919-2924_2929-2933	117	122	IL
5J7L_DA_2652-2657_2662-2666	117	122	SR
3J7Q_5_3651-3653_3698-3702	118	123	IL
5V93_a_1041-1045_1196-1198	118	123	IL
5D8H_A_46-50_59-61	118	123	IL
5XY3_1_2119-2121_2139-2143	118	123	IL
5XY3_1_2171-2174_2188-2191	118	123	IL
3PDR_X_6-7_148-153	118	123	IL
6HA1_A_1132-1136_1145-1147	118	123	IL
5NGM_Aa_1061-1065_1214-1216	118	123	IL
6AZ3_1_709-712_732-735	118	123	IL
5V7Q_A_992-997_1037-1040	119	124	IL
5O60_A_978-983_1023-1026	119	124	IL
4WF9_X_1047-1054_1193-1194	119	124	RS
3J79_A_2503-2507_2522-2526	119	124	IL
4V91_1_3054-3059_3084-3088	120	125	IL
5XXU_2_1269-1272_1425-1432	120	125	IL
4V8P_D1_1725-1729_1762-1767	120	125	IL
5TBW_1_2806-2811_2836-2840	120	125	IL
5ZWN_P_83-86_111-118	120	125	IL
6AZ1_1_1704-1706_1764-1769	121	126	IL
5V93_a_45-48_393-397	121	126	IL
3J7P_S2_1201-1205_1370-1372	122	127	IL
5O60_A_2520-2522_2540-2544	122	127	IL
5XXB_1_2776-2778_2796-2800	122	127	IL
6FYY_2_1270-1274_1433-1435	122	127	IL
3J7A_A_1372-1376_1681-1683	122	127	IL
5XYI_2_1079-1083_1244-1246	122	127	IL
5V93_a_587-589_629-633	122	127	IL
4LFB_A_1039-1040_1180-1184	123	128	IL
4LFB_A_287-288_299-303	123	128	IL
6EK0_L5_2645-2647_2684-2687	123	128	IL
6D9J_5_3199-3202_3340-3342	123	128	IL
3J7Q_5_1775-1778_1789-1791	123	128	IL
5V93_a_139-141_171-174	123	128	IL
6EK0_L5_4748-4750_4947-4950	123	128	IL
5J7L_AA_291-292_303-307	123	128	IL
6D9J_5_2583-2586_3182-3184	123	128	IL
3Q1Q_B_178-180_197-200	123	128	IL
3J79_B_81-84_91-93	123	128	IL
5ZEB_a_291-292_303-307	123	128	IL
5NGM_Aa_509-511_548-551	123	128	IL
5T5H_A_28-33_42-48	124	129	IL
5XY3_1_29-34_43-49	124	129	IL
3J79_A_1848-1852_1966-1971	124	129	IL
4LX6_A_9-12_32-39	124	129	IL
3LA5_A_9-12_32-39	124	129	IL
3IGI_A_331-333_348-349	125	130	IL
5MRC_aa_1017-1018_1257-1259	125	130	IL
3T4B_A_19-20_31-33	125	130	IL
5J7L_AA_593-595_643-644	125	130	IL
6HA1_a_601-603_651-652	125	130	IL
1I6U_C_8-10_27-28	125	130	IL
5NGM_Aa_601-603_651-652	125	130	IL
5NGM_Aa_664-665_754-756	125	130	IL
5MRC_A_2722-2724_2758-2759	125	130	IL
6ERI_AA_2475-2476_2506-2509	126	131	IL
5O60_A_2682-2683_2713-2716	126	131	IL
4WF9_X_2485-2486_2516-2519	126	131	IL
5OOL_A_1275-1276_1306-1309	126	131	IL
6GAW_BA_1281-1282_1312-1315	126	131	IL
4Y4O_2A_2469-2470_2500-2503	126	131	IL
6HA1_A_2487-2488_2518-2521	126	131	IL
4IOA_X_2437-2438_2468-2471	126	131	IL
5J7L_DA_2458-2459_2489-2492	126	131	IL
4V88_A6_204-205_258-261	126	131	IL
6FYY_2_203-204_257-260	126	131	IL
5MRC_A_2724-2725_2755-2758	126	131	IL
3JAN_4_158-162_173-177	127	132	IL
6FRK_1_189-193_204-208	127	132	IL
4V9F_0_1720-1726_2037-2039	127	132	IL
5J7L_AA_1254-1257_1276-1281	127	132	IL
1MFQ_A_78-82_93-97	127	132	EL
5OQL_1_1097-1099_1119-1126	128	133	IL
6FYY_2_512-514_534-541	128	133	IL
4V5O_BA_506-508_528-535	128	133	IL
5XXB_1_2020-2025_2030-2036	129	134	IL
6HA1_A_720-724_845-852	129	134	IL
6AZ3_2_100-105_110-116	129	134	IL
5MRC_A_582-586_689-696	129	134	IL
4IOA_X_1702-1707_1712-1718	129	134	IL
3J79_A_1592-1598_2646-2651	129	134	SR
4IOA_X_686-690_811-818	129	134	SR
4WF9_X_718-722_843-850	129	134	SR
4Y4O_2A_719-723_844-851	129	134	SR
5T5H_B_96-101_106-112	129	134	IL
5T2A_B_101-106_111-117	129	134	IL
3J79_A_2185-2190_2195-2201	129	134	IL
2YGH_A_16-20_30-37	129	134	KT
5J7L_DA_673-677_798-805	129	134	SR
6HA1_a_1262-1265_1284-1289	130	135	IL
4QK9_A_28-32_98-102	130	135	IL
4QLM_A_26-30_96-100	130	135	IL
6AZ3_2_455-459_474-478	130	135	IL
6D9J_5_3085-3088_3105-3110	130	135	IL
4W90_C_27-31_101-105	130	135	IL
5T2A_B_394-398_413-417	130	135	IL
4V8P_D1_1199-1206_1351-1352	130	135	RS
4V9F_0_272-278_358-361	131	136	IL
4Y1J_A_35-43_56-57	131	136	IL
1KOG_O_5-7_27-31	132	137	CL
4JRC_B_5-9_49-51	132	137	CL
4MGN_A_19-23_63-65	132	137	CL
4V5O_BA_1129-1131_1588-1592	132	137	CL
6ERI_AA_2696-2700_2742-2744	132	137	IL
4LFB_A_910-912_1362-1366	132	137	IL
3J7P_S2_504-507_519-522	132	137	IL
6HA1_a_941-943_1387-1391	132	137	IL
5XYI_2_965-967_1422-1426	132	137	IL
5J7L_AA_932-934_1379-1383	132	137	IL
5B2P_B_75-79_87-89	132	137	IL
6ERI_BA_881-883_1328-1332	132	137	IL
6AZ1_1_57-62_84-86	132	137	IL
5OPT_E_58-63_84-86	132	137	IL
5XY3_1_2500-2504_2541-2543	132	137	IL
5V7Q_A_2917-2921_2962-2964	132	137	IL
5O60_A_1550-1553_1616-1618	132	137	IL
5V93_a_925-927_1372-1376	132	137	IL
5ZEB_a_914-916_1362-1366	132	137	IL
5NGM_Aa_941-943_1389-1393	132	137	IL
5O60_A_2903-2907_2948-2950	132	137	IL
3J79_A_2150-2155_2639-2641	133	138	IL
3J79_A_3486-3490_3511-3515	133	138	HT
5AN9_N_3339-3342_3474-3478	133	138	IL
4WF9_X_1447-1450_1631-1634	133	138	IL
5T5H_A_811-816_866-868	133	138	IL
5MRC_aa_724-728_806-808	133	138	IL
6EK0_L5_745-753_908-917	134	139	IL
5J7L_DA_1850-1858_1882-1890	134	139	IL
2HVY_E_8-15_41-48	134	139	IL
4WF9_X_1824-1830_1839-1847	134	139	KT
6AZ3_1_1227-1234_1383-1392	134	139	IL
5OPT_E_2079-2083_2094-2098	135	140	IL
6ERI_AA_2703-2707_2735-2739	135	140	IL
4V9F_0_2716-2720_2746-2750	135	140	HT
4Y4O_2A_1514-1518_1564-1567	135	140	HT
4WF9_X_2713-2717_2744-2748	135	140	IL
4V91_1_758-762_767-771	135	140	IL
5TBW_1_703-707_712-716	135	140	IL
6HA1_A_2715-2719_2746-2750	135	140	IL
5NGM_Aa_587-591_764-768	135	140	IL
5ZEB_a_1239-1243_1252-1256	136	141	IL
4WF9_X_1393-1397_1406-1410	136	141	EL
5V93_a_570-574_747-751	136	141	IL
5ZEB_a_559-563_736-740	136	141	IL
5J7L_DA_1318-1322_1330-1332	137	142	IL
6HA1_A_2325-2327_2345-2349	137	142	IL
4WFL_A_70-73_88-91	137	142	TS
5XY3_3_19-24_55-56	137	142	IL
5T2A_B_130-132_282-286	137	142	IL
5MRC_A_1833-1844_1860-1863	138	143	IL
6HA1_A_1962-1973_1989-1992	138	143	IL
4WF9_X_1960-1971_1987-1990	138	143	IL
6ERI_AA_1947-1958_1974-1977	138	143	IL
5MRC_A_1756-1763_1785-1792	139	144	IL
3J79_A_3582-3590_3612-3618	139	144	IL
6HIX_AA_184-189_282-290	139	144	IL
5FDV_1B_23-27_55-58	140	145	IL
5OPT_E_38-41_518-522	140	145	IL
4IOA_Y_25-29_57-60	140	145	IL
6AZ1_1_37-40_513-517	140	145	IL
5T5H_H_38-43_63-67	141	146	IL
6AZ3_5_38-43_94-98	141	146	IL
4V8P_D1_1717-1721_1771-1776	141	146	IL
5XXB_1_3165-3170_3195-3199	141	146	IL
4AOB_A_17-20_30-36	141	146	KT
5TBW_1_1131-1138_1258-1263	142	147	IL
4V91_1_1186-1193_1313-1318	142	147	IL
6GAW_BA_928-939_955-958	142	147	IL
6AZ3_1_498-503_546-556	142	147	IL
6D9J_5_459-465_556-563	142	147	IL
4Y4O_2A_302-306_379-382	143	148	IL
3J9M_AA_852-856_898-901	143	148	IL
3JAN_4_85-88_198-202	143	148	IL
5G2X_A_428-432_437-441	143	148	IL
5MRC_A_1602-1607_1903-1905	143	148	IL
4IOA_X_1430-1434_1592-1596	143	148	HT
5O60_A_1747-1750_1761-1765	143	148	IL
4V5O_BA_40-46_422-424	143	148	IL
5XXB_1_1253-1257_1414-1418	143	148	IL
4V8P_D1_750-754_763-768	144	149	IL
5T5H_A_1200-1204_1236-1241	144	149	IL
4V9F_0_1562-1566_1614-1619	144	149	IL
6ERI_AA_1492-1497_1546-1550	144	149	IL
6AZ3_1_1635-1639_1732-1737	144	149	IL
3J7O_7_20-25_52-56	144	149	IL
4V5O_BA_1090-1092_1099-1100	145	150	IL
6AZ3_1_917-919_937-938	145	150	IL
3J7Q_5_2106-2107_2154-2156	145	150	IL
5XXB_1_958-960_978-979	145	150	IL
4V8P_D1_893-895_913-914	145	150	IL
6GAW_BA_284-286_303-304	145	150	IL
3P49_A_48-49_59-61	145	150	IL
5O60_A_39-40_521-523	145	150	IL
3NKB_B_37-38_45-47	145	150	IL
3J79_A_987-989_1007-1008	145	150	IL
4V5O_BA_1468-1469_1478-1480	145	150	IL
6HA1_A_1487-1489_1595-1596	145	150	IL
5V7Q_A_355-364_438-440	146	151	IL
5XY3_1_1582-1587_1592-1598	146	151	IL
3J79_B_71-77_97-102	146	151	SR
4Y4O_2A_40-41_459-461	147	152	IL
4Y4O_2A_907-908_957-959	147	152	IL
4Y4O_2A_921-922_943-945	147	153	IL
6ERI_AA_41-42_445-447	147	152	IL
5V7Q_A_42-43_522-524	147	152	IL
5V7Q_A_990-991_1041-1043	147	152	IL
5J7L_DA_42-43_433-435	147	152	IL
4V9F_0_948-949_1001-1003	147	152	IL
3J7P_S2_470-471_488-490	147	152	IL
6HA1_A_1447-1449_1636-1637	147	152	IL
6CHR_A_124-125_143-145	147	152	IL
4WF9_X_906-907_957-959	147	152	IL
6FYY_2_1304-1306_1315-1316	147	153	IL
6HA1_A_908-909_959-961	147	152	IL
5NGM_Aa_1412-1413_1507-1509	147	152	IL
4V5O_BA_1277-1279_1288-1289	147	153	IL
5OOL_A_1273-1275_1309-1310	147	153	IL
6GAW_BA_1074-1076_1138-1139	147	153	IL
6GAW_BA_1192-1193_1207-1209	147	153	IL
6GAW_BA_1279-1281_1315-1316	147	153	IL
4Y4O_2A_2411-2413_2424-2425	147	153	IL
6ERI_AA_2063-2065_2633-2634	147	153	IL
4V88_A6_1305-1307_1316-1317	147	153	IL
4IOA_X_41-42_446-448	147	152	IL
4IOA_X_874-875_924-926	147	152	IL
3OXE_A_34-35_67-69	147	153	IL
3P49_A_123-124_150-152	147	153	IL
3J79_A_1118-1119_1172-1174	147	152	IL
2GDI_X_13-15_25-26	147	152	IL
5O60_A_976-977_1027-1029	147	152	IL
5OOL_A_1042-1044_1433-1434	147	153	IL
3J7O_7_5-6_110-112	147	153	IL
3J7P_S2_1103-1105_1397-1398	147	153	IL
6DLR_A_20-21_38-40	147	153	IL
6D9J_2_1209-1211_1220-1221	147	153	IL
6D9J_2_122-123_262-264	147	152	IL
6HIW_CA_552-553_580-582	147	153	IL
6I0Y_V_29-31_39-41	147	153	IL
6EK0_S2_1362-1364_1373-1374	147	153	IL
5XXB_1_2535-2537_2714-2717	148	154	IL
5V93_a_247-250_272-273	148	154	IL
5XXU_2_145-148_156-159	148	154	IL
5MRC_aa_838-842_868-869	148	154	IL
4V91_1_176-177_237-240	148	154	IL
5J7L_DA_2296-2298_2316-2320	148	154	IL
6D9J_2_141-144_152-155	148	154	IL
6HA1_A_1521-1524_1559-1562	148	154	IL
5MRC_A_1980-1982_2261-2264	148	154	IL
3JCS_3_66-70_143-148	149	155	IL
5T5H_E_56-60_105-110	149	155	IL
6AZ3_3_64-68_141-146	149	155	IL
5XYI_2_809-813_829-833	150	156	IL
3IGI_A_69-73_112-116	150	156	HT
2R8S_R_113-117_150-154	150	156	IL
3D2V_A_46-50_63-67	150	156	SR
6DME_A_10-13_39-44	150	156	IL
3J7Q_5_2719-2721_2917-2920	151	157	IL
5J7L_DA_2080-2082_2235-2238	151	157	IL
6D9J_5_2615-2617_2800-2803	151	157	IL
5AN9_N_2688-2690_2936-2939	151	157	IL
4V91_1_2422-2424_2604-2607	151	157	IL
6EK0_L5_3926-3928_4180-4183	151	157	IL
5TBW_1_2230-2232_2356-2359	151	157	IL
3J79_A_2715-2717_2942-2945	151	157	IL
5OPT_E_1199-1203_1293-1300	152	158	IL
3J7Q_5_181-188_251-254	152	158	IL
6AZ1_1_1110-1114_1204-1211	152	158	IL
5NGM_Aa_1134-1139_1152-1159	152	158	IL
4V88_A6_485-490_495-500	152	158	IL
4KZD_R_24-28_52-62	153	159	IL
5OB3_A_17-21_44-54	153	159	IL
5V7Q_A_282-290_299-304	153	159	IL
3J9M_AA_328-332_360-364	154	160	IL
3P49_A_126-130_143-148	154	160	IL
1OOA_C_4-9_20-24	155	161	IL
5J7L_DA_2128-2135_2154-2158	155	161	IL
4V9F_0_929-932_1018-1025	155	161	KT
3NVK_K_13-16_23-29	155	161	IL
3NMU_E_13-16_23-29	155	161	KT
3NVI_F_3-6_13-19	155	161	KT
1RLG_D_4-7_14-20	155	161	KT
6D9J_5_3256-3259_3278-3281	156	162	IL
6EK0_L5_1356-1359_1378-1381	156	162	IL
3J7Q_5_950-953_971-975	156	162	IL
6D9J_5_914-917_933-936	156	162	IL
6D9J_5_1432-1436_1594-1598	157	163	IL
6EK0_L5_1904-1908_2066-2070	157	163	IL
3J7Q_5_1480-1484_1642-1646	157	163	IL
6GAW_BA_681-686_693-696	157	163	IL
4Y4O_2A_2144-2147_2181-2194	158	164	IL
1MZP_B_19-22_31-44	158	164	L1C
3U4M_B_19-22_56-69	158	164	L1C
6D9J_5_2657-2661_2670-2683	158	164	IL
4V91_1_2465-2468_2475-2488	158	164	IL
4V8P_D1_3042-3047_3072-3076	159	165	TS
6FYY_2_63-68_81-85	159	165	IL
4V88_A6_63-68_81-85	159	165	IL
6EK0_L5_2849-2854_3836-3839	160	166	IL
3J7Q_5_2314-2319_2629-2632	160	166	IL
6D9J_5_1865-1869_1875-1879	160	166	IL
5V7Q_A_2375-2379_2384-2388	160	166	IL
4V8P_D1_1924-1929_2327-2330	160	166	IL
5O60_A_1570-1574_1595-1599	160	166	IL
5XYI_2_1083-1085_1238-1244	160	166	IL
4V9F_0_1359-1365_2044-2049	161	167	SR
5XXB_1_3130-3136_3141-3146	161	167	IL
4V91_1_3019-3025_3030-3035	161	167	IL
5TBW_1_2771-2777_2782-2787	161	167	IL
6HA1_A_190-195_204-210	161	167	IL
4V9F_0_202-208_216-221	161	167	SR
5J7L_DA_187-192_201-207	161	167	SR
4V9F_0_2681-2687_2692-2697	161	167	SR
3JCS_3_76-94_138-139	162	168	IL
6D9J_5_3019-3028_3052-3063	162	168	IL
6AZ1_1_716-722_728-737	162	168	IL
5V93_a_995-998_1015-1027	162	168	IL
5XXB_1_31-36_45-51	163	169	IL
1Y26_X_9-12_32-39	163	169	IL
1Y27_X_8-11_31-38	163	169	IL
4XNR_X_9-12_32-39	163	169	IL
5OPT_E_802-815_829-834	164	170	IL
5IT9_i_4-15_52-61	164	170	IL
4V92_AZ_3-14_53-62	164	170	IL
4V92_AZ_75-77_88-103	164	170	IL
3J7P_S2_1152-1163_1179-1189	164	170	IL
5OQL_2_114-127_185-189	164	170	IL
6AZ3_2_64-69_591-593	165	171	IL
3PDR_X_13-16_138-142	165	171	IL
5T5H_B_60-65_345-347	165	171	IL
5T2A_B_65-70_530-532	165	171	IL
5XXB_1_1787-1791_1847-1852	166	172	IL
5XXB_1_3414-3419_3447-3451	166	172	IL
3Q3Z_V_9-15_48-51	166	172	KT
3J7A_A_826-834_844-845	166	172	IL
1UN6_F_25-30_43-47	166	172	SR
5O60_A_2067-2071_2110-2114	167	173	IL
6FYY_2_1222-1228_1255-1257	167	173	IL
5V7Q_A_2084-2088_2124-2128	167	173	IL
6GAZ_AA_229-236_265-266	167	173	IL
5MRC_A_2953-2957_3053-3057	167	173	IL
6HA1_A_1302-1308_2039-2044	168	174	IL
4WF9_X_1300-1306_2037-2042	168	174	IL
3J7P_S2_1614-1618_1660-1664	169	175	IL
3J7A_A_1974-1978_2010-2014	169	175	IL
6D9J_2_1578-1582_1615-1619	169	175	IL
4WF9_X_1882-1886_1908-1912	169	175	EL
3J79_A_1799-1803_2027-2031	169	175	IL
4IOA_X_1847-1851_1864-1868	169	175	EL
6HA1_A_1884-1888_1910-1914	169	175	IL
6EK0_S2_1741-1745_1787-1791	169	175	IL
5XXB_1_1738-1742_1907-1911	169	175	IL
3J9M_AA_626-629_650-653	170	176	IL
5J7L_DA_292-294_342-346	170	176	IL
5T5H_A_1248-1249_1261-1266	170	176	IL
6GAW_BA_1343-1345_1362-1366	170	176	IL
5OOL_A_1186-1189_1201-1204	170	176	EL
5MRC_A_2616-2619_2630-2633	170	176	TS
6GAZ_AA_628-631_651-654	170	176	IL
6AZ3_1_1744-1745_1757-1762	170	176	IL
6HA1_A_335-337_386-390	170	176	IL
5MRC_aa_1483-1486_1572-1575	170	176	IL
1U6B_B_52-55_81-84	170	176	TS
4KZD_R_10-13_70-73	170	176	TS
3DHS_A_197-201_228-232	171	177	IL
5V7Q_A_1954-1957_1969-1973	171	177	IL
5XXU_2_1675-1679_1709-1713	171	177	IL
4Y4O_2A_1885-1889_1902-1906	171	177	EL
2A64_A_283-287_296-300	171	177	EL
2A64_A_346-350_377-381	171	177	EL
3DHS_A_134-138_147-151	171	177	EL
6ERI_AA_546-549_563-566	172	178	IL
3IGI_A_266-269_282-285	172	178	IL
5J7L_DA_2806-2810_2888-2890	172	178	IL
3J7P_S2_188-191_206-209	172	178	IL
6AZ1_1_1965-1968_1979-1982	172	178	IL
4XWF_A_6-9_35-38	172	178	TS
5J7L_AA_1415-1418_1480-1483	172	178	TS
5J7L_DA_535-538_553-556	172	178	TS
4LFB_A_1398-1401_1458-1461	172	178	TS
6ERI_BA_1206-1209_1220-1223	172	178	IL
6ERI_BA_1364-1367_1429-1432	172	178	IL
6EK0_S2_188-191_206-209	172	178	IL
3J7P_S2_466-467_493-495	173	179	IL
5OQL_1_1100-1101_1116-1118	173	179	IL
6ERI_BA_541-543_591-592	173	179	IL
6GAW_BA_1044-1046_1439-1440	173	179	IL
5OOL_A_1073-1075_1131-1132	173	179	IL
6FYY_2_515-516_531-533	173	179	IL
5V93_a_647-648_737-739	173	179	IL
4V88_A6_516-517_532-534	173	179	IL
5ZEB_a_636-637_726-728	173	179	IL
5O60_A_1694-1698_1734-1738	174	180	IL
4WF9_X_648-652_662-666	174	180	EL
6ERI_BA_527-531_704-708	174	180	IL
5XY3_1_2456-2460_2590-2596	175	181	IL
5XXB_1_1080-1085_1140-1145	175	181	IL
4CS1_A_2-9_12-16	176	182	IL
4V9F_0_69-73_85-92	176	182	KT
5FJ4_H_2-6_25-32	176	182	KT
5FJC_A_16-20_30-37	176	182	KT
4BW0_A_2-6_15-22	176	182	KT
3J9M_AA_838-840_914-917	177	183	IL
5OPT_E_2173-2175_2278-2281	177	183	IL
5LYS_B_9-11_43-47	177	183	IL
4LFB_A_1384-1386_1474-1477	177	183	IL
5ZEB_a_1384-1386_1480-1483	177	183	IL
3J7P_S2_429-433_446-447	177	183	IL
6HA1_a_1409-1411_1505-1508	177	183	IL
4WF9_X_41-43_479-482	177	183	IL
3J7A_A_1935-1937_2051-2054	177	183	IL
4V9F_0_1417-1421_1429-1431	177	183	CL
5XYI_2_373-377_390-391	177	183	IL
6D9J_2_414-418_431-432	177	183	IL
5XXU_2_1636-1638_1750-1753	177	183	IL
6GAW_BA_1289-1292_1302-1305	177	183	IL
5MRC_A_1744-1747_1802-1803	177	183	IL
5J7L_AA_1401-1403_1496-1499	177	183	IL
6AZ1_1_2058-2060_2162-2165	177	183	IL
6GAZ_AA_845-847_922-925	177	183	IL
5V7Q_A_2305-2307_2675-2679	177	183	IL
6GAZ_AA_189-193_207-208	177	183	IL
6GAZ_AA_338-340_351-354	177	183	IL
6EK0_S2_490-494_507-508	177	183	IL
5XYI_2_1444-1446_1539-1542	177	183	IL
6ERI_BA_1072-1075_1092-1096	177	183	IL
6ERI_BA_1350-1352_1445-1448	177	183	IL
6D9J_2_1539-1541_1656-1659	177	183	IL
4V88_A6_1638-1640_1759-1762	177	183	IL
4V5O_BA_1610-1612_1712-1715	177	183	IL
6FYY_2_1636-1638_1757-1760	177	183	IL
6EK0_S2_1702-1704_1828-1831	177	183	IL
3J7P_S2_1409-1412_1465-1467	177	183	IL
3J7P_S2_1575-1577_1701-1704	177	183	IL
5OOL_A_1449-1455_1460-1465	178	184	IL
6EK0_L5_4596-4602_4607-4612	178	184	IL
3J7Q_5_3333-3339_3344-3349	178	184	IL
3J7P_S2_537-546_573-575	179	185	IL
3U4M_B_5-15_73-74	179	185	IL
6D9J_2_522-531_558-560	179	185	IL
1MZP_B_5-15_48-49	179	185	IL
4Y4O_2A_2130-2140_2198-2199	179	185	IL
4V91_1_2451-2461_2492-2493	179	185	IL
4WF9_X_1515-1520_1558-1563	179	185	IL
6HA1_a_1423-1426_1489-1492	180	186	IL
5XXB_1_1985-1990_2459-2461	180	186	IL
5NGM_Aa_1425-1428_1491-1494	180	186	IL
4V5O_BA_1196-1201_1228-1229	180	186	IL
5O60_A_622-625_645-648	180	186	IL
4WF9_X_580-583_596-599	180	186	TS
6HA1_A_581-584_597-600	180	186	IL
3J7Q_5_2296-2301_2643-2645	181	187	IL
6EK0_L5_2831-2836_3850-3852	181	187	IL
6CHR_A_592-596_607-611	181	187	IL
4V8P_D1_1906-1911_2341-2343	181	187	IL
3J7A_A_1446-1449_1622-1625	182	188	IL
5OPT_E_1812-1815_1892-1895	182	188	IL
5XXU_2_22-25_598-600	182	188	IL
3PDR_X_8-11_144-147	182	188	IL
5J7L_DA_2103-2105_2182-2184	182	188	IL
6AZ1_1_1695-1698_1775-1778	182	188	IL
5VZL_B_35-38_48-50	182	188	IL
5T5H_A_931-934_992-995	182	188	IL
5MRC_aa_1103-1104_1230-1234	182	188	IL
5MRC_aa_1498-1501_1559-1561	182	188	IL
5XXB_1_122-123_147-152	182	188	IL
6ERI_AB_50-55_68-72	183	189	IL
5O60_A_3067-3072_3085-3089	183	189	IL
4V91_1_2520-2526_2584-2587	183	189	IL
5TBW_1_2272-2278_2336-2339	183	189	IL
6D9J_2_457-460_469-473	184	190	IL
6D9J_2_615-619_622-626	184	190	IL
5XY3_1_2692-2697_2727-2731	185	191	IL
4Y4O_2A_2855-2860_2873-2877	185	191	SR
5J7L_DA_2846-2851_2864-2868	185	191	SR
6HA1_a_72-74_90-93	186	192	IL
5OQL_1_2236-2238_2326-2328	186	192	IL
1MFQ_A_5-7_119-122	186	192	IL
5MRC_A_1365-1367_1396-1399	186	192	IL
5T5H_A_579-582_589-593	187	193	IL
6GAW_BA_394-398_411-415	187	193	IL
6GAW_BA_663-665_772-777	187	193	IL
6AZ3_1_773-776_799-803	187	193	IL
3J7Q_5_2573-2586_2598-2603	188	194	IL
3NPQ_A_12-15_30-47	188	194	IL
5T5H_B_465-470_499-517	188	194	IL
6D9J_2_1377-1386_1418-1428	188	194	IL
6D9J_2_1386-1395_1412-1418	188	194	IL
3J7Q_5_1287-1300_1412-1417	188	194	IL
6EK0_S2_1540-1548_1582-1591	188	194	IL
3J7P_S2_1414-1422_1454-1463	188	194	IL
6EK0_L5_1933-1943_2037-2051	189	195	IL
3J7Q_5_1509-1519_1613-1627	189	195	rKT
5G2X_A_646-655_664-674	189	195	IL
6D9J_5_1461-1471_1565-1579	189	195	IL
3J7Q_5_2814-2817_2900-2904	190	196	IL
3J7P_S2_1287-1291_1300-1303	190	196	IL
6D9J_2_945-949_975-979	191	197	IL
6HA1_A_1395-1399_1408-1412	191	197	IL
6EK0_L5_2588-2592_2751-2755	191	197	IL
3J7Q_5_2053-2057_2216-2220	191	197	IL
5J7L_DA_1356-1360_1369-1373	191	197	EL
6ERI_AA_1873-1876_1887-1891	191	197	IL
4IOA_X_1369-1373_1382-1386	191	197	EL
5O60_A_1471-1475_1484-1488	191	197	IL
6HA1_a_587-591_764-768	191	197	IL
3J7P_S2_970-974_1002-1006	191	197	IL
5V7Q_A_1487-1491_1500-1504	191	197	IL
6ERI_AA_2473-2475_2509-2510	192	198	IL
5O60_A_2680-2682_2716-2717	192	198	IL
4Y4O_2A_2467-2469_2503-2504	192	198	IL
4IOA_X_2435-2437_2471-2472	192	198	IL
5J7L_DA_2456-2458_2492-2493	192	198	IL
5O60_A_1311-1312_1361-1363	192	198	IL
5V7Q_A_2826-2829_2838-2842	193	199	IL
6HA1_a_47-52_365-367	193	199	IL
5NGM_Aa_47-52_366-368	193	199	IL
6HA1_A_1462-1466_1624-1627	193	199	IL
6GAZ_AA_109-114_134-141	194	200	IL
6GAZ_AA_490-497_508-513	194	200	IL
6EK0_L5_30-35_44-50	195	201	IL
6G90_1_83-86_110-118	195	201	IL
5XXB_1_922-927_944-950	196	202	IL
5J7L_DA_701-706_723-729	196	202	EL
6ERI_AA_712-717_734-740	196	202	IL
4WF9_X_746-751_768-774	196	202	EL
3J79_A_951-956_973-979	196	202	IL
5XY3_1_558-563_580-586	196	202	IL
3J7P_S2_297-302_334-341	197	203	IL
6D9J_2_282-287_319-326	197	203	IL
6EK0_S2_358-363_395-402	197	203	IL
4IOA_X_2717-2721_2741-2745	198	204	HT
5O60_A_2072-2076_2105-2109	198	204	IL
4V9F_0_2765-2769_2789-2793	198	204	HT
4Y4O_2A_2749-2753_2773-2777	198	204	HT
4V5O_BA_1648-1652_1671-1675	198	204	EL
5V7Q_A_2089-2093_2119-2123	198	204	IL
6EK0_L7_70-77_97-103	199	205	IL
5XXB_3_70-77_97-103	199	205	IL
3J7O_7_70-77_97-103	199	205	SR
4V91_1_81-88_96-102	199	205	IL
6D9J_7_70-77_97-103	199	205	IL
5TBW_1_79-86_94-100	199	205	SR
3J7P_S2_472-475_484-487	200	206	IL
3J7Q_5_25-27_53-57	200	206	IL
4Y4O_2A_2477-2480_2490-2493	200	206	IL
4IOA_X_2445-2448_2458-2461	200	206	IL
5J7L_AA_202-206_211-213	200	206	IL
6HIX_AA_504-510_804-809	201	207	IL
5NGM_Aa_1264-1267_1286-1291	202	208	IL
5V7Q_A_1568-1572_1630-1634	202	208	IL
4QK8_A_25-29_94-98	202	208	IL
4V91_1_2835-2839_2849-2853	202	208	IL
5XY3_1_2290-2294_2304-2308	202	208	IL
5TBW_1_2587-2591_2601-2605	202	208	IL
4V8P_D1_1734-1740_1750-1756	203	209	KT
3J79_C_72-75_82-92	203	209	IL
4LFB_A_1422-1427_1436-1438	204	210	IL
6DLR_A_76-79_91-95	204	210	IL
5AN9_N_1228-1232_1248-1250	205	211	IL
4V91_1_1013-1017_1033-1035	205	211	IL
3J7A_A_882-885_915-918	205	211	IL
6D9J_2_107-110_273-276	205	211	IL
4V88_A6_651-652_676-681	205	211	IL
5OPT_E_359-364_396-403	206	212	IL
5OPT_E_713-721_741-745	206	212	IL
5XXU_2_1475-1481_1517-1524	206	212	IL
4IOA_X_1837-1840_1875-1876	207	213	CL
5V7Q_A_2079-2082_2130-2131	207	213	IL
5V7Q_B_28-29_49-52	207	213	IL
4V8P_C3_27-28_47-50	207	213	CL
4V9F_9_28-29_49-52	207	213	CL
5FDV_1B_29-30_50-53	207	213	CL
5OQL_1_136-138_198-200	207	213	IL
6EK0_L7_27-28_47-50	207	213	IL
6AZ3_8_27-28_47-50	207	213	IL
6DZP_B_30-31_51-54	207	213	IL
6ERI_AA_1855-1858_1906-1907	207	213	IL
3Q1Q_B_125-126_147-150	207	213	IL
4M4O_B_25-27_38-40	207	213	IL
4M6D_H_18-20_31-33	207	213	IL
1U9S_A_58-59_89-92	207	213	IL
4WF9_Y_27-28_48-51	207	213	IL
5J7L_DA_1845-1848_1892-1893	207	213	CL
5J7L_DB_29-30_50-53	207	213	CL
5XJC_H_111-113_143-145	207	213	IL
5T5H_D_27-28_47-50	207	213	IL
3J79_B_27-28_47-50	207	213	IL
3J7O_7_27-28_47-50	207	213	IL
6AHD_H_111-113_143-145	207	213	IL
6DZI_B_30-31_51-54	207	213	IL
5XYM_B_30-31_51-54	207	213	IL
5O60_A_2062-2065_2116-2117	207	213	IL
6HA1_A_1874-1877_1921-1922	207	213	IL
6HA1_B_25-26_46-49	207	213	IL
6D9J_7_27-28_47-50	207	213	IL
4LFB_A_1140-1142_1157-1162	208	214	IL
5ZEB_a_1138-1140_1156-1161	208	214	IL
4V8P_D1_3194-3198_3211-3214	208	214	HT
5V93_a_1149-1151_1167-1172	208	214	IL
4V8P_D1_474-478_498-501	208	214	TS
6HA1_a_1165-1167_1183-1188	208	214	IL
5J7L_DA_1525-1528_1541-1545	208	214	TS
3JCS_5_38-42_103-106	208	214	IL
5J7L_AA_1157-1159_1175-1180	208	214	IL
5NGM_Aa_299-300_311-315	209	215	IL
6AZ3_2_449-453_480-481	209	215	IL
5TBW_1_1508-1510_1516-1519	209	215	IL
6AZ3_1_504-506_542-545	209	215	IL
6HA1_a_298-299_310-314	209	215	IL
6ERI_BA_410-411_440-444	209	215	IL
4IOA_X_876-880_920-923	210	216	CL
6HA1_A_910-914_955-958	210	216	IL
4WF9_X_908-912_953-956	210	216	CL
4Y4O_2A_909-913_953-956	210	216	CL
6ERI_AA_873-877_917-920	210	216	IL
6GAZ_AA_867-869_896-901	210	216	IL
5J7L_DA_863-867_908-911	210	216	CL
5GAH_1_37-42_65-67	210	216	IL
4V8P_D1_29-34_43-49	211	217	SR
4V9F_0_150-155_164-170	211	217	SR
3J7P_S2_23-28_583-588	211	217	IL
6D9J_2_599-605_869-875	211	217	IL
1M5K_B_22-26_53-60	211	217	IL
5XXU_2_1344-1348_1364-1370	211	217	IL
6FYY_2_142-147_163-169	211	217	IL
4WF9_X_190-195_204-210	211	217	IL
4V9F_0_1107-1113_1235-1240	211	217	IL
5T5H_A_937-944_984-989	211	217	IL
6FYY_2_1485-1491_1510-1515	211	217	IL
5TBW_1_1504-1507_1520-1523	212	218	IL
6D9J_5_613-617_652-655	212	218	IL
5AN9_N_3354-3360_3365-3370	213	219	IL
6ERI_AA_172-177_186-192	213	219	IL
5XY3_1_2472-2478_2483-2488	213	219	IL
3IVN_A_8-11_31-38	213	219	IL
4Y4O_2A_1062-1068_1183-1188	213	219	IL
5VT0_R_57-63_86-92	213	219	IL
6ERI_BA_212-217_247-254	213	219	IL
6ERI_AA_1045-1051_1166-1170	213	219	IL
4V91_1_1531-1535_1584-1589	214	220	IL
3OXE_A_37-41_60-65	214	220	IL
5TBW_1_1476-1480_1529-1534	214	220	HT
5XXB_1_1628-1632_1678-1683	214	220	IL
5T5H_G_6-10_107-113	215	221	IL
6AZ3_4_30-34_166-172	215	221	IL
5XY3_1_717-722_777-782	215	221	IL
3J7Q_5_3476-3482_3606-3611	215	221	IL
4V88_A6_745-746_801-804	216	222	CL
3J7A_A_416-418_425-427	216	222	IL
4V8P_D1_468-469_506-509	216	222	CL
5J7L_AA_69-72_96-97	216	222	IL
1S03_A_10-13_37-38	216	222	IL
1S03_B_10-13_37-38	216	222	IL
5OOL_A_526-529_540-541	216	222	IL
6GAW_BA_501-503_523-525	216	222	IL
6GAW_BA_530-533_544-545	216	222	IL
3IWN_A_50-53_70-71	216	222	IL
6FYY_2_409-411_418-420	216	222	IL
3MXH_R_53-56_69-70	216	222	IL
6HA1_a_604-605_647-650	216	222	IL
6EK0_S2_801-802_859-862	216	222	IL
3J7A_A_880-882_918-920	216	222	IL
5ZWN_P_335-337_485-487	216	222	IL
5V93_a_72-75_91-92	216	222	IL
5ZEB_a_73-76_92-93	216	222	IL
1HC8_C_36-39_50-51	216	222	IL
5NGM_Aa_604-605_647-650	216	222	IL
5MRC_aa_1057-1060_1090-1091	216	222	IL
3J7P_S2_674-675_732-735	216	222	IL
3J79_A_3249-3250_3267-3270	217	223	IL
5XXB_1_3001-3002_3019-3022	217	223	IL
4V91_1_2891-2892_2909-2912	217	223	IL
3RW6_H_19-20_37-40	217	223	IL
6AZ3_2_1328-1329_1346-1349	217	223	IL
5XY3_1_2346-2347_2364-2367	217	223	IL
5AN9_N_3223-3224_3241-3244	217	223	IL
5NGM_Aa_68-70_97-99	217	223	IL
5XXU_2_891-895_906-913	218	224	IL
3RKF_C_7-10_30-37	218	224	IL
4FEN_B_7-11_29-37	218	224	IL
4V5O_BA_1458-1464_1484-1489	218	224	IL
6GAZ_AA_329-333_359-363	219	225	IL
5MRC_aa_1292-1296_1311-1315	219	225	IL
4Y4O_2A_505-508_519-532	220	226	IL
4V9F_0_479-482_494-507	220	226	IL
6HA1_A_527-530_541-554	220	226	IL
6ERI_BA_721-731_745-752	221	227	IL
6HA1_A_2152-2155_2189-2202	221	227	IL
5NGM_Aa_611-619_635-641	221	227	IL
6D9J_5_618-626_642-651	221	227	IL
5O60_A_2346-2349_2383-2396	222	228	IL
5V7Q_A_2031-2037_2046-2054	222	228	IL
5O60_A_2014-2020_2029-2037	222	228	IL
5XXB_1_383-386_397-409	222	228	IL
3J7P_S2_62-67_80-84	223	229	IL
6D9J_2_62-67_80-84	223	229	IL
4V8P_D1_1557-1561_1609-1614	223	229	HT
4FRN_B_5-13_74-75	223	229	IL
3J79_A_1680-1684_1727-1732	223	229	HT
6AZ1_1_63-68_79-83	223	229	IL
5OPT_E_64-69_79-83	223	229	IL
6EK0_S2_62-67_80-84	223	229	IL
6EK0_L5_2655-2661_2671-2677	224	230	IL
6D9J_5_2039-2045_2055-2061	224	230	IL
3J7Q_5_2120-2126_2136-2142	224	230	KT
3J79_A_1867-1873_1883-1889	224	230	KT
4LFB_A_1228-1234_1265-1271	225	231	IL
5O60_A_1539-1542_1626-1631	226	232	IL
6HA1_A_1879-1883_1915-1919	226	232	IL
5J7L_DA_2635-2639_2773-2781	227	233	IL
3D2V_A_9-12_25-35	227	233	TL
5TBW_1_1655-1661_1671-1677	227	233	KT
6ERI_BA_631-635_646-653	227	233	IL
4V91_1_1710-1716_1726-1732	227	233	IL
4V9F_0_1304-1311_1330-1334	227	233	KT
4Y4O_2A_1251-1258_1278-1282	227	233	KT
4GMA_Z_92-96_142-149	227	233	KT
6GAZ_AA_748-753_772-777	228	234	IL
5O60_A_1160-1167_1226-1229	228	234	IL
4V5O_BA_62-66_77-81	229	235	HT
6HA1_A_921-925_944-948	229	235	IL
6AZ3_7_121-125_136-140	229	235	IL
2IL9_A_96-100_129-133	229	235	IL
5XY3_1_890-894_1049-1053	229	235	IL
3J9M_AA_630-631_641-649	230	236	IL
5ML7_B_30-37_62-64	230	236	IL
4V9F_0_1570-1574_1605-1610	231	237	IL
6ERI_BA_462-468_475-483	232	238	IL
5MRC_aa_628-634_641-649	232	238	IL
4V9F_0_1579-1584_1594-1600	233	239	KT
6ERI_AA_1228-1235_1254-1258	233	239	IL
5XYI_2_1474-1477_1508-1511	234	240	IL
4V5O_BA_1639-1642_1681-1684	234	240	TS
5XXU_2_1666-1669_1719-1722	234	240	IL
5MRC_A_734-737_857-859	234	240	IL
5O60_A_373-375_424-428	234	240	IL
3J7A_A_1965-1968_2020-2023	234	240	TS
5U3G_B_59-65_77-79	235	241	IL
6EK0_L5_492-497_655-659	235	241	IL
4V9F_0_697-701_711-715	235	241	EL
5XXB_1_808-811_831-835	235	241	IL
5V93_a_494-501_530-531	235	241	IL
4LFB_A_487-494_523-524	235	241	RS
5ZEB_a_483-490_519-520	235	241	IL
4IOA_X_1788-1794_1804-1812	236	242	KT
6ERI_AA_1807-1813_1822-1830	236	242	IL
4Y4O_2A_783-785_802-803	237	243	IL
5OOL_A_277-279_296-297	237	243	IL
4IOA_X_750-752_769-770	237	243	IL
6EK0_L5_1586-1588_1604-1605	237	243	IL
5MRC_A_628-630_647-648	237	243	IL
4V91_1_868-870_888-889	237	243	IL
3J7Q_5_1179-1181_1199-1200	237	243	IL
5J7L_DA_1042-1049_1108-1111	238	244	KT
4GXY_A_81-85_138-145	238	244	KT
4WF9_X_1086-1093_1152-1155	238	244	IL
3KTW_C_60-65_76-81	238	244	IL
4LFB_A_577-579_627-628	239	245	IL
5T2A_B_78-80_521-523	239	245	IL
5FLX_z_229-231_234-236	239	245	IL
6F4H_D_0-2_19-21	239	245	IL
5V7Q_A_2070-2073_2139-2140	239	245	IL
4UYK_R_71-73_116-118	239	245	IL
6D9J_5_3353-3355_3486-3490	239	245	IL
5CCB_N_0-1_72-75	239	245	IL
6ERI_BA_606-608_691-693	239	245	IL
5O60_A_2053-2056_2125-2126	239	245	IL
6AZ3_2_77-79_582-584	239	245	IL
6EK0_L5_1402-1404_1411-1413	239	245	IL
5J7L_AA_143-145_175-177	239	245	IL
5J7L_DA_1836-1839_1901-1902	239	245	IL
6AZ1_1_1641-1643_1674-1676	239	245	IL
2CSX_C_2-4_68-70	239	245	IL
5MRC_bb_49-51_61-63	239	245	IL
3J7Q_5_749-750_819-821	239	245	IL
3J9M_AA_114-117_129-130	239	245	IL
6FYY_2_707-710_726-729	239	245	IL
6GAZ_AA_115-118_132-133	239	245	IL
5IB8_1L_1-4_67-70	239	245	IL
5IBB_1L_1-4_67-70	239	245	IL
4WF9_X_1242-1244_1276-1278	239	245	IL
5T5H_A_674-676_685-687	239	245	IL
5T5H_B_73-75_336-338	239	245	IL
3J7P_S2_116-120_281-284	239	245	IL
6ERI_BA_127-129_159-161	239	245	IL
6HA1_A_1865-1868_1930-1931	239	245	IL
5ZEB_a_573-575_623-624	239	245	IL
6HA1_B_18-23_54-55	239	245	IL
5V7Q_A_1190-1193_1201-1204	239	245	IL
5J7L_DA_1023-1029_1123-1139	240	246	rKT
5O60_A_1141-1147_1241-1257	240	246	IL
3J7Q_5_3491-3501_3523-3532	240	246	IL
5V7Q_A_1152-1158_1252-1268	240	246	IL
5J7L_DA_1668-1673_1989-1992	241	247	IL
3K0J_E_55-59_72-76	241	247	SR
2GDI_X_49-53_66-70	241	247	SR
5O60_A_2351-2358_2377-2381	242	248	IL
6HA1_A_1247-1254_1273-1277	242	248	IL
4WF9_X_1245-1252_1271-1275	242	248	KT
4LCK_F_15-22_82-89	243	249	SR
4LFB_A_404-411_422-428	243	249	SR
4V5O_BA_1082-1089_1101-1106	243	249	SR
5NGM_Aa_416-424_434-440	243	249	IL
5MRC_A_57-62_406-412	243	249	IL
3J7A_A_1211-1218_1229-1234	243	249	SR
3D0U_A_19-26_59-65	243	249	SR
6HA1_a_415-422_433-439	243	249	IL
5J7L_AA_408-415_426-432	243	249	SR
3J79_A_528-532_618-625	244	250	IL
4V91_1_1702-1705_1737-1741	245	251	IL
5XY3_1_1373-1377_1414-1417	245	251	IL
4V5O_BA_1316-1319_1346-1349	245	251	IL
3J7A_A_119-122_301-303	245	251	IL
6D9J_2_1137-1140_1151-1154	245	251	IL
6D9J_2_1248-1251_1277-1280	245	251	IL
5TBW_1_1647-1650_1682-1686	245	251	IL
6EK0_S2_1401-1404_1440-1443	245	251	IL
4V9F_0_2856-2861_2880-2884	246	252	SR
3J79_A_3405-3410_3415-3419	246	252	IL
5OQL_2_79-85_262-265	246	252	IL
5O60_A_2329-2332_2401-2404	247	253	IL
3J79_A_1907-1910_1957-1960	247	253	IL
4M6D_H_20-22_27-31	247	253	IL
5XY3_1_730-733_766-769	247	253	IL
3SIU_F_5-11_19-22	248	254	KT
3J7A_A_520-522_542-549	248	254	IL
6ERI_BA_416-420_430-435	248	254	IL
3JCS_3_103-110_120-129	249	255	IL
4V8P_D1_2810-2817_2845-2854	249	255	IL
5XXB_1_2933-2940_2968-2977	249	255	IL
6AZ3_2_1260-1267_1295-1304	249	255	IL
5OQL_1_1478-1483_1494-1502	249	255	IL
5AN9_N_3155-3162_3190-3199	249	255	IL
6EK0_L5_4399-4406_4434-4443	249	255	IL
5T2A_B_1197-1204_1232-1241	249	255	IL
3J7Q_5_3136-3143_3171-3180	249	255	IL
3J79_A_3181-3188_3216-3225	249	255	IL
4Y4O_2A_1048-1055_1194-1195	250	256	RS
5V7Q_A_1132-1139_1279-1280	250	256	IL
3J7Q_5_622-632_637-648	251	257	IL
6FYY_2_981-992_1008-1016	251	257	IL
5J7L_AA_445-449_482-487	252	258	IL
4GXY_A_75-79_147-152	252	258	IL
5OQL_1_1135-1142_1151-1167	253	259	IL
1NBS_B_98-111_130-140	253	259	IL
4IOA_X_1034-1040_1134-1149	253	259	rKT
5G2X_A_72-78_98-112	253	259	IL
5ZEB_B_18-28_54-64	253	259	IL
6AHU_A_140-154_239-248	253	259	IL
6D9J_5_606-611_658-670	253	259	IL
3J9M_AA_228-235_264-265	254	260	IL
3J79_A_826-830_862-867	254	260	IL
5XY3_1_454-458_470-474	254	260	IL
5G2X_A_123-126_153-157	255	261	IL
5V7Q_A_1674-1677_1787-1791	255	261	IL
5J7L_DA_1467-1470_1519-1523	255	261	IL
5O60_A_1657-1660_1770-1774	255	261	IL
5O60_A_1688-1691_1741-1745	255	261	IL
4V91_1_991-996_1051-1056	256	262	IL
5TBW_1_936-941_996-1001	256	262	IL
5XY3_1_80-86_94-99	256	262	IL
5OOL_A_807-814_979-982	257	263	IL
4V8P_D1_449-454_522-526	257	263	IL
6FZ0_A_23-28_38-42	257	263	IL
4V9F_0_559-563_578-583	257	263	SR
5T5H_A_953-958_973-978	257	263	IL
5OPT_E_2211-2215_2237-2241	258	264	IL
4V8P_D1_2992-2995_3127-3132	258	264	TS
6AZ1_1_2096-2100_2121-2125	258	264	IL
3J7A_A_1257-1260_1913-1917	259	265	CL
3J7P_S2_1086-1089_1553-1557	259	265	CL
4V88_A6_1156-1159_1616-1620	259	265	CL
5OPT_E_1625-1628_2151-2155	259	265	IL
6FYY_2_1155-1158_1614-1618	259	265	IL
5OQL_1_1740-1743_2199-2203	259	265	IL
6EK0_S2_1213-1216_1680-1684	259	265	IL
5OOL_A_387-391_406-410	259	265	IL
5XXB_3_31-35_40-44	259	265	IL
5XXU_2_1151-1154_1614-1618	259	265	IL
6AZ1_1_1508-1511_2036-2040	259	265	IL
6D9J_2_1060-1063_1517-1521	259	265	IL
6D9J_5_1101-1105_1122-1126	260	266	IL
6EK0_L5_1550-1554_1571-1575	260	266	IL
4UYK_R_80-84_105-109	260	266	EL
4GMA_Z_96-100_138-142	260	266	IL
3J7Q_5_1144-1148_1165-1169	260	266	IL
5OPT_E_1230-1234_1245-1252	261	267	IL
6AZ1_1_1141-1145_1156-1163	261	267	IL
1YLS_B_10-15_28-34	261	267	IL
4IOA_X_1028-1034_1149-1154	261	267	IL
6D9J_2_129-133_164-171	261	267	IL
5V7Q_A_635-636_644-646	262	268	IL
3J9M_AA_527-528_829-831	262	268	IL
5J7L_AA_1439-1441_1459-1460	262	268	IL
6ERI_Ax_28-29_50-52	262	268	IL
3J79_A_1822-1823_2000-2002	262	268	IL
6D9J_5_2642-2644_2688-2689	262	268	IL
1XJR_A_12-13_36-38	262	268	IL
5AN9_N_2657-2659_3318-3319	262	268	IL
5WT1_C_26-27_43-45	262	268	IL
5ZEB_a_76-77_90-92	262	268	IL
5MRC_aa_1418-1420_1438-1439	262	268	IL
4V5O_BA_476-477_492-494	262	268	IL
5J7L_DA_480-483_495-508	263	269	IL
4IOA_X_491-494_505-518	263	269	IL
3J7Q_5_3655-3662_3690-3696	264	270	IL
5XXB_1_81-88_96-102	264	270	IL
5XXU_2_63-68_80-84	265	271	IL
3J79_A_1120-1125_1168-1171	265	271	IL
5XTM_B_8-13_34-37	265	271	IL
6AZ3_1_1047-1052_1094-1097	265	271	IL
5MRC_A_2901-2905_3111-3115	265	271	IL
4V9F_0_822-824_842-843	266	272	IL
5XXU_2_116-118_296-297	266	272	IL
4V88_A6_117-119_296-297	266	272	IL
4V91_1_2449-2451_2493-2495	266	272	IL
5XYI_2_106-108_228-229	266	272	IL
4LFB_A_1413-1417_1443-1446	267	273	TS
6HA1_A_1572-1575_1589-1593	267	273	IL
3J7Q_5_2817-2824_2897-2900	268	274	IL
6D9J_5_2712-2719_2780-2784	268	274	IL
3J7Q_5_2107-2112_2149-2154	268	274	IL
6EK0_L5_4081-4087_4160-4163	268	274	IL
4V9F_0_1899-1904_1919-1924	269	275	IL
5XY3_1_1727-1732_1745-1750	269	275	IL
2R8S_R_32-34_80-87	269	275	IL
3J79_A_3389-3392_3523-3529	269	275	IL
4V9F_0_1967-1978_1994-1997	270	276	IL
6AZ3_3_102-111_121-126	270	276	IL
3J7A_A_962-967_978-986	270	276	KT
5XXB_1_475-482_516-525	270	276	IL
5T5H_A_362-365_376-388	271	277	IL
2Z75_B_80-87_102-110	271	277	IL
5TBW_AS_71-79_99-105	271	277	SR
4V91_3_71-79_99-105	271	277	IL
6HA1_A_1826-1832_1841-1849	271	277	IL
4LFB_A_588-594_612-616	272	278	IL
4V91_1_1217-1225_1282-1286	273	279	IL
5J7L_DA_1797-1803_1812-1820	273	279	KT
5TBW_1_1162-1170_1227-1231	273	279	KT
4JRC_B_13-22_44-45	274	280	IL
3Q1Q_B_226-232_260-266	274	280	IL
4Y4O_2A_2149-2157_2174-2179	274	280	IL
4MGN_A_27-36_58-59	274	280	IL
2Z75_B_64-75_115-118	274	280	IL
6ERI_BA_1105-1109_1121-1128	274	280	IL
3J9M_AA_81-84_94-96	275	281	IL
5J7L_AA_370-374_388-389	275	281	IL
5MRC_aa_374-378_392-393	275	281	IL
5ZEB_a_370-374_388-389	275	281	IL
5XYI_2_292-294_305-311	276	282	IL
5XYI_2_1301-1305_1316-1320	276	282	IL
5OPT_E_2073-2079_2098-2105	277	283	IL
6EK0_S2_1748-1754_1776-1784	277	283	IL
3J79_A_1322-1332_1426-1440	278	284	rKT
6GAW_BA_3-7_131-146	278	284	IL
6AGB_A_202-215_240-249	278	284	IL
5XXB_1_1281-1291_1385-1399	278	284	IL
6HA1_a_1254-1260_1291-1297	279	285	IL
6ERI_BA_1194-1200_1231-1237	279	285	IL
4V5O_BA_733-741_773-781	280	286	IL
4V5O_BA_1450-1457_1490-1498	280	286	IL
4LCK_F_36-46_68-70	281	287	IL
5V7Q_A_1555-1560_1641-1648	281	287	IL
6AZ3_4_45-52_57-63	281	287	IL
4V8P_D1_2151-2156_2167-2174	281	287	KT
6CB3_B_5-12_89-94	282	288	IL
4Y1J_A_4-11_88-93	282	288	IL
3J79_A_1113-1118_1174-1179	283	289	CL
6EK0_L5_3714-3719_3732-3737	283	289	IL
4V9F_0_1448-1452_1475-1481	283	289	HT
5XY3_1_530-534_657-664	283	289	IL
6FYY_2_744-746_800-804	284	290	IL
3J79_A_3432-3436_3475-3477	284	290	IL
5T5H_A_1207-1209_1220-1233	285	291	IL
5MRC_A_1704-1710_1720-1728	285	291	KT
5XYI_2_1289-1296_1326-1333	285	291	IL
4V9F_0_950-955_997-1000	286	292	CL
4LFB_A_444-449_461-467	287	293	IL
6GAW_BA_1454-1460_1465-1470	287	293	IL
4V9F_0_757-761_884-891	287	293	SR
5O60_A_1377-1383_2234-2239	288	294	IL
5V7Q_A_1393-1399_2248-2253	288	294	IL
5J7L_DA_875-878_897-900	289	295	IL
6GAZ_AA_81-84_96-99	289	295	IL
5V7Q_A_1946-1950_1977-1979	290	296	IL
5MRC_A_432-435_452-455	290	296	IL
5J7L_DB_23-27_55-58	291	297	IL
5OQL_1_358-361_404-408	291	297	IL
5XY3_1_1213-1217_1225-1227	292	298	IL
3J79_A_1649-1653_1661-1663	292	298	IL
5GAN_W_32-34_45-49	292	298	IL
4V88_A6_703-706_730-733	292	298	IL
5T2A_B_703-709_945-949	293	299	IL
6AZ3_2_764-770_1008-1012	293	299	IL
5T5H_B_456-462_520-524	293	299	IL
5D8H_A_2-9_68-71	294	300	IL
6EK0_L5_731-733_928-936	294	300	IL
4V8P_D1_1244-1251_1310-1313	294	300	KT
5J7L_DB_33-37_43-47	295	301	IL
4IOA_Y_35-39_45-49	295	301	IL
1MJI_D_8-12_18-22	295	301	IL
5NS3_C_9-13_19-23	295	301	IL
4V9F_0_1093-1100_1246-1247	295	301	RS
5O60_A_1936-1941_1951-1956	296	302	IL
6HA1_A_1088-1095_1154-1157	296	302	IL
4IOA_X_1097-1102_1109-1112	297	303	IL
1J2B_C_25-28_42-46	297	303	IL
6D9J_5_2638-2640_2691-2693	298	304	IL
3CZW_X_6-8_9-11	298	304	IL
3D0M_X_6-8_9-11	298	304	IL
6FYY_2_148-150_160-162	298	304	IL
6EK0_S2_151-153_163-165	298	304	IL
3J7Q_5_608-612_657-667	299	305	IL
6D9J_7_20-27_50-56	299	305	IL
4V88_A6_310-315_347-354	300	306	KT
6AZ3_1_27-32_41-47	300	306	IL
6FYY_2_309-314_346-353	300	306	IL
5ML7_B_25-28_66-79	301	307	IL
4WF9_X_526-529_540-553	301	307	IL
6AZ3_1_414-417_428-441	301	307	IL
5ZEB_a_1103-1107_1124-1129	302	308	IL
5V93_a_1114-1118_1135-1140	302	308	IL
4IOA_X_2665-2669_2697-2701	302	308	IL
4IOA_X_80-83_95-101	302	308	KT
4Y4O_2A_1102-1107_1119-1124	302	308	IL
4IOA_X_2821-2826_2839-2843	302	308	SR
4V9F_9_32-36_42-46	303	309	IL
6HA1_A_1049-1056_1195-1196	303	309	IL
5J7L_DA_1003-1010_1149-1150	303	309	RS
5ZEB_a_1227-1233_1264-1271	304	310	IL
5V93_a_1238-1244_1275-1281	304	310	IL
3J79_A_2448-2454_2465-2472	304	310	KT
5O60_A_1433-1437_1445-1447	305	311	IL
5V7Q_A_1449-1453_1461-1463	305	311	IL
5XXU_2_37-40_465-469	306	312	IL
4V5O_BA_36-39_457-461	306	312	TS
4V8P_D1_570-573_593-597	306	312	TS
5XY3_1_724-728_771-774	306	312	IL
6D3P_A_5-8_31-35	306	312	IL
2R8S_R_10-14_103-106	306	312	TS
5OQL_2_86-94_257-261	307	313	IL
5MRC_aa_951-958_969-974	307	313	IL
6D9J_5_2402-2408_2421-2427	307	313	IL
5V93_a_879-886_897-902	307	313	IL
5J7L_AA_886-893_904-909	307	313	SR
5ZEB_a_868-875_886-891	307	313	IL
3J9M_AA_596-604_692-697	308	314	IL
5XXB_1_577-583_626-631	308	314	IL
3Q1Q_B_236-239_252-256	309	315	IL
5MRC_aa_989-993_1455-1458	309	315	IL
5XXB_1_466-470_529-534	309	315	IL
4V5O_BA_742-757_767-772	310	316	IL
5NGM_Aa_72-81_86-95	310	316	IL
5XYI_2_919-926_937-942	311	317	IL
6D9J_5_1484-1492_1549-1553	311	317	IL
5V7Q_A_3081-3086_3099-3103	312	318	IL
5J7L_DA_1473-1477_1512-1516	312	318	EL
4LFB_A_563-567_740-744	312	318	EL
4V8P_D1_2417-2420_2591-2595	312	318	IL
6ERI_AA_291-295_362-366	313	319	IL
4LFB_A_1106-1109_1127-1131	313	319	IL
4WF9_X_2706-2710_2751-2753	313	319	CL
4Y4O_2A_2690-2694_2736-2738	313	319	CL
3J79_A_1529-1532_1569-1573	313	319	IL
6HA1_a_1132-1135_1152-1156	313	319	IL
6FRK_1_55-59_286-289	314	320	IL
3J7A_A_1634-1636_1652-1657	314	320	IL
3IGI_A_171-174_189-193	314	320	TS
5T5H_A_1056-1064_1082-1088	315	321	IL
6AZ3_1_1474-1482_1500-1506	315	321	IL
5AN9_N_1403-1407_1563-1567	316	322	IL
4V9F_0_1087-1091_1249-1253	316	322	HT
2GDI_X_10-11_28-35	316	322	TL
5MRC_aa_843-847_863-867	316	322	IL
4WF9_X_1877-1881_1913-1917	316	322	IL
4IOA_X_1842-1846_1869-1873	316	322	IL
3J7A_A_1058-1062_1078-1082	316	322	EL
3K0J_E_11-12_34-41	316	322	IL
4WF9_X_1694-1699_2030-2032	317	323	IL
6ERI_AA_1686-1691_2017-2019	317	323	IL
6EK0_L5_511-515_644-646	318	324	IL
3J79_A_196-200_209-212	318	324	IL
5T5H_D_31-35_40-44	319	325	IL
6EK0_L7_31-35_40-44	319	325	IL
6D9J_7_31-35_40-44	319	325	IL
6AZ3_3_34-38_179-183	319	325	IL
6AZ3_8_31-35_40-44	319	325	IL
3J7O_7_31-35_40-44	319	325	IL
4WF9_Y_20-25_56-57	320	326	IL
6D9J_5_2862-2864_2882-2886	320	326	IL
5T5H_H_46-49_56-59	320	326	IL
5XYI_2_141-144_154-157	320	326	IL
6EK0_L5_4242-4244_4262-4266	320	326	IL
3J7Q_5_2979-2981_2999-3003	320	326	IL
6D9J_5_767-770_777-780	320	326	IL
6EK0_L5_3659-3664_3676-3683	321	327	IL
6D9J_5_2348-2353_2365-2372	321	327	IL
5J7L_DA_1207-1214_1233-1237	321	327	KT
3J7Q_5_2452-2457_2469-2476	321	327	KT
3U4M_B_24-31_50-54	321	327	KT
1Q96_A_4-11_16-22	322	328	IL
5IT9_i_100-108_120-126	322	328	IL
5X2G_B_61-69_83-88	322	328	IL
3J79_A_3114-3123_3135-3142	322	328	IL
5XXB_1_2632-2638_2694-2697	323	329	IL
6EK0_L5_5003-5008_5038-5042	323	329	IL
6D9J_5_3533-3538_3563-3567	323	329	IL
5XXU_2_981-985_1011-1012	324	330	IL
6D9J_5_1136-1139_1155-1157	324	330	IL
4QK9_A_42-43_92-95	324	330	IL
4QLM_A_38-39_90-93	324	330	IL
6D9J_2_1592-1594_1601-1603	324	330	IL
5V93_a_290-291_302-306	324	330	IL
6ERI_BA_628-630_654-656	324	330	IL
5XXB_1_3271-3273_3372-3374	324	330	IL
4W29_AX_48-50_62-64	324	330	IL
4W90_C_57-58_95-98	324	330	IL
6EK0_S2_878-880_904-906	324	330	IL
3J7P_S2_751-753_777-779	324	330	IL
4V91_1_531-537_552-559	325	331	IL
5MRC_A_1236-1243_1267-1274	325	331	IL
5TBW_1_476-482_497-504	325	331	IL
4V9F_0_1183-1186_1197-1198	326	332	IL
5MRC_A_536-538_545-547	326	332	IL
5XXU_2_1641-1643_1744-1747	327	333	IL
4V9F_0_2114-2116_2261-2264	327	333	IL
4Y4O_2A_2101-2103_2246-2249	327	333	IL
5V7Q_A_2317-2319_2473-2476	327	333	IL
5V7Q_A_985-990_1043-1048	328	334	IL
4WF9_X_901-906_959-964	328	334	IL
5O60_A_971-976_1029-1034	328	334	IL
5J7L_DA_856-861_914-919	328	334	CL
2OIU_P_20-24_35-39	329	335	IL
2OIU_Q_20-24_35-39	329	335	IL
6ERI_BA_1202-1205_1224-1229	329	335	IL
5XXU_2_479-481_503-506	330	336	IL
4V9F_9_26-27_53-57	330	336	IL
5XXB_3_25-26_51-55	330	336	IL
5MRC_A_1229-1231_1279-1282	330	336	IL
4WF9_Y_25-26_52-56	330	336	IL
6AZ3_8_25-26_51-55	330	336	IL
5XY3_1_1913-1915_2435-2438	330	336	IL
4V8P_C3_25-26_51-55	330	336	IL
4V91_3_25-26_52-56	330	336	IL
5TBW_AS_25-26_52-56	330	336	IL
5T5H_D_25-26_51-55	330	336	IL
3J79_B_25-26_51-55	330	336	IL
5XY3_3_24-25_51-55	330	336	IL
5NGM_Aa_53-56_363-365	330	336	IL
6HA1_B_23-24_50-54	330	336	IL
5OPT_E_1320-1324_1350-1351	331	337	IL
4QK8_A_36-39_88-90	331	337	IL
6ERI_BA_262-263_274-278	331	337	IL
3J7Q_5_3315-3318_3457-3459	331	337	IL
6EK0_L5_1081-1083_1212-1216	332	338	IL
5AN9_N_3438-3442_3462-3466	333	339	IL
5XY3_1_2553-2557_2578-2582	333	339	IL
3J7A_A_63-67_83-87	333	339	IL
5MRC_A_3073-3077_3098-3102	333	339	HT
5MRC_A_923-927_1172-1176	333	339	HT
5J7L_AA_67-68_98-100	334	340	IL
5V93_a_70-71_93-95	334	340	IL
3J7Q_5_1134-1137_1208-1211	334	340	IL
5ZEB_a_71-72_94-96	334	340	IL
4LFB_A_142-147_162-168	335	341	IL
3J7A_A_140-146_162-169	335	341	IL
5OQL_1_727-732_748-755	335	341	IL
5OQL_1_894-899_931-938	335	341	IL
3JBV_W_27-30_38-42	336	342	IL
4V9F_9_20-26_57-58	336	342	IL
5G2X_A_546-553_565-572	337	343	IL
3RW6_H_10-17_42-49	337	343	KT
6AZ3_2_1197-1210_1224-1225	338	344	IL
5T2A_B_1134-1147_1161-1162	338	344	IL
4V8P_D1_3006-3013_3018-3024	339	345	IL
4V88_A6_1479-1486_1518-1526	339	345	IL
4WF9_X_240-247_255-261	339	345	IL
5G2X_A_7-15_382-388	339	345	IL
6FYY_2_1477-1484_1516-1524	339	345	IL
4V5O_BA_301-306_338-345	340	346	KT
4V8P_D1_1213-1220_1340-1345	340	346	IL
5XXB_1_1273-1280_1400-1405	340	346	IL
6EK0_S2_1100-1102_1128-1130	341	347	IL
6EK0_L5_4637-4639_4658-4660	341	347	IL
3J7Q_5_3374-3376_3395-3397	341	347	IL
3IGI_A_9-13_256-261	342	348	IL
6CB3_B_36-44_57-58	342	348	IL
5XYI_2_1297-1301_1320-1325	342	348	IL
5XY3_1_1559-1561_1855-1857	343	349	IL
3Q1Q_B_102-106_208-209	343	349	IL
6ERI_AA_1440-1441_1610-1613	343	349	IL
6HA1_a_1447-1450_1467-1469	344	350	IL
5O60_A_2303-2305_2459-2462	344	350	IL
5NGM_Aa_1449-1452_1469-1471	344	350	IL
4Y4O_2A_1477-1479_1602-1605	344	350	IL
6EK0_S2_1394-1397_1447-1449	344	350	IL
4GXY_A_94-102_127-129	345	351	IL
5O60_A_2157-2168_2184-2187	346	352	IL
4Y4O_2A_1954-1965_1981-1984	346	352	IL
5J7L_DA_1933-1944_1960-1963	346	352	IL
5V7Q_A_2171-2182_2198-2201	346	352	IL
6AZ3_1_1243-1252_1372-1377	346	352	IL
6D9J_5_3244-3248_3288-3291	347	353	IL
5AN9_N_3382-3386_3426-3429	347	353	IL
5XXB_1_3158-3162_3202-3205	347	353	IL
6ERI_Ax_33-36_42-46	347	353	IL
6EK0_L5_4624-4628_4668-4671	347	353	IL
3J7Q_5_3361-3365_3405-3408	347	353	IL
4IOA_X_1014-1021_1160-1161	347	353	RS
5O60_A_1929-1933_1959-1962	348	354	IL
5V7Q_A_80-84_97-104	349	355	IL
4Y4O_2A_78-82_94-101	349	355	KT
6AZ1_1_1880-1887_1935-1943	350	356	IL
3J7P_S2_812-813_857-874	350	356	IL
4V8P_D1_374-377_388-399	351	357	IL
6D9J_5_30-36_43-50	352	358	IL
3J7Q_5_30-36_43-50	352	358	SR
4WF9_X_1450-1459_1627-1631	352	358	IL
4Y4O_2A_2697-2701_2729-2733	353	359	IL
6D9J_2_937-939_998-1004	353	359	IL
4V9F_0_2484-2487_2517-2521	353	359	IL
5TBW_1_1484-1486_1495-1501	353	359	IL
6AZ3_4_81-86_111-115	353	359	IL
4V8P_D1_1017-1022_1077-1082	354	360	CL
6GAW_BA_718-730_733-736	355	361	IL
3J79_A_3723-3728_3758-3762	356	362	SR
5J7L_DA_1711-1717_1741-1745	356	362	SR
6FYY_2_1228-1229_1252-1255	357	363	IL
4V5O_BA_1201-1202_1225-1228	357	363	IL
5XXU_2_1224-1225_1248-1251	357	363	IL
6ERI_BA_1068-1070_1098-1100	357	363	IL
4V5O_BA_199-200_255-258	357	363	IL
6EK0_S2_1549-1557_1576-1581	358	364	IL
3J7P_S2_1279-1285_1305-1311	358	364	IL
3J7P_S2_1422-1430_1449-1454	358	364	IL
6FYY_2_1343-1346_1374-1377	359	365	IL
4V91_1_1166-1170_1327-1331	359	365	IL
4V88_A6_1344-1347_1376-1379	359	365	IL
3J9M_AA_298-302_396-401	359	365	IL
6GAZ_AA_300-304_396-400	359	365	IL
4V88_A6_894-898_909-916	360	366	KT
6FYY_2_893-897_908-915	360	366	IL
5XYI_2_242-247_277-284	361	367	IL
6EK0_L5_465-470_682-688	361	367	IL
3J7Q_5_465-471_559-565	361	367	IL
4V9F_0_1846-1851_1862-1869	361	367	KT
5XXB_1_3290-3298_3308-3313	361	367	IL
6HIW_CA_229-235_242-250	361	367	IL
6FYY_2_702-707_729-734	362	368	IL
4V9F_0_1139-1146_1205-1208	362	368	KT
3SKI_A_9-12_30-37	363	369	IL
3SKL_B_8-11_29-36	363	369	IL
6AZ1_1_1958-1962_1985-1990	363	369	IL
4WF9_X_888-892_974-977	364	370	IL
3J79_A_1758-1761_2089-2094	364	370	IL
4V8P_D1_120-121_143-148	364	370	IL
6HA1_A_1482-1485_1598-1602	364	370	IL
3J7P_S2_1592-1594_1684-1685	365	371	IL
4WF9_X_2483-2485_2519-2520	365	371	IL
4R4V_A_8-9_176-178	365	371	IL
5TBW_1_814-816_832-833	365	371	IL
5XXB_1_3115-3118_3250-3256	366	372	IL
5ZEB_a_445-449_462-467	366	372	IL
3JCS_3_27-32_191-202	367	373	IL
5MRC_aa_1277-1286_1323-1330	367	373	IL
5MRC_A_949-956_1090-1104	367	373	rKT
6EK0_L5_179-188_251-255	368	374	IL
5XYI_2_1195-1198_1214-1220	369	375	IL
5XYI_2_1447-1451_1533-1538	369	375	IL
5MRC_A_112-119_140-144	370	376	IL
4V91_1_516-524_566-572	371	377	IL
5TBW_1_461-469_511-517	371	377	IL
5V7Q_A_1710-1715_1751-1756	372	378	IL
6HA1_a_611-617_637-641	372	378	IL
5NGM_Aa_1416-1417_1502-1504	373	379	IL
6DME_A_19-20_33-35	373	379	IL
4V91_1_1882-1887_2346-2348	374	380	IL
5MRC_aa_516-520_528-533	374	380	IL
5TBW_1_1827-1832_2154-2156	374	380	IL
5MRC_A_24-31_3272-3273	374	380	IL
5MRC_aa_748-752_764-771	375	381	IL
3IGI_A_75-78_102-110	376	382	IL
4V9F_0_2664-2668_2801-2809	376	382	HT
4V91_1_724-727_740-744	377	383	IL
5TBW_1_669-672_685-689	377	383	TS
6D9J_2_797-802_813-821	378	384	IL
3J7Q_5_1500-1508_1628-1634	378	384	IL
3J9M_AA_239-245_252-260	378	384	IL
6GAZ_AA_240-246_253-261	378	384	IL
6GAW_BA_1482-1486_1496-1498	379	385	IL
4PDB_I_13-14_23-26	380	386	IL
5J7L_DA_1202-1205_1239-1241	380	386	IL
5BTP_B_6-8_46-48	380	386	IL
6FYY_2_478-480_503-506	380	386	IL
5MRC_aa_1274-1276_1331-1333	380	386	IL
5NGM_Aa_597-599_654-656	380	386	IL
5MRC_A_3162-3164_3239-3241	380	386	IL
6AZ3_1_1221-1225_1394-1398	381	387	IL
6FRK_1_95-105_247-253	382	388	IL
6HA1_A_2136-2149_2205-2209	382	388	IL
5T5H_B_187-192_204-211	382	388	IL
5XXB_1_177-178_244-251	383	389	IL
5MRC_A_803-806_817-822	383	389	IL
6EK0_L5_1925-1932_2052-2057	384	390	IL
6D9J_5_1453-1460_1580-1585	384	390	IL
6HA1_a_248-253_283-290	384	390	IL
4LVW_A_4-8_76-83	384	390	IL
4NLF_A_5-11_16-21	384	390	IL
4P8Z_A_71-74_85-93	384	390	IL
5J7L_AA_241-246_276-283	384	390	KT
4P95_A_97-100_111-119	384	390	IL
6EK0_S2_951-955_966-973	384	390	IL
5XXU_2_310-315_347-354	384	390	IL
3J7P_S2_824-828_839-846	384	390	IL
6D9J_5_473-479_544-548	385	391	IL
5J7L_DA_1262-1268_2010-2015	386	392	SR
5MRC_A_278-284_292-297	386	392	SR
5OOL_A_636-642_1003-1008	386	392	SR
6AZ3_2_400-405_417-424	387	393	IL
5T2A_B_339-344_356-363	387	393	IL
6D9J_5_3215-3222_3227-3233	388	394	IL
6EK0_L5_4889-4895_4923-4928	388	394	IL
4LFB_A_237-242_272-279	388	394	KT
4Y4O_2A_1827-1833_1842-1850	389	395	KT
6D9J_2_1014-1022_1031-1037	389	395	IL
3IAB_R_5-14_29-40	390	396	IL
5G2X_A_261-267_291-306	390	396	IL
5OOL_A_714-729_732-736	390	396	IL
3J79_A_384-387_398-412	390	396	IL
5NGM_Aa_457-465_482-490	390	396	IL
4V8P_D1_3035-3039_3079-3082	391	397	IL
4V91_1_3047-3051_3091-3094	391	397	IL
4IOA_X_1450-1453_1566-1570	391	397	IL
5MRC_A_786-790_834-837	391	397	CL
5TBW_1_2799-2803_2843-2846	391	397	IL
5OQL_1_1210-1214_1552-1556	392	398	IL
6HA1_A_1242-1246_1278-1282	392	398	IL
6ERI_AA_1377-1381_1390-1394	392	398	IL
5T5H_A_1168-1172_1180-1182	393	399	IL
6AZ3_1_1603-1607_1615-1617	393	399	IL
5MRC_A_2946-2950_3060-3062	393	399	IL
4IOA_X_2658-2662_2704-2706	394	400	CL
6ERI_AA_2313-2314_2334-2337	394	400	IL
4IOA_Y_31-32_52-55	394	400	IL
4V9F_0_2709-2713_2753-2755	394	400	CL
5OOL_A_1477-1481_1490-1492	394	400	IL
6D9J_5_3381-3385_3393-3396	394	400	IL
3J9M_AA_338-340_351-354	394	400	IL
6AZ1_1_114-118_339-342	394	400	IL
3J7Q_5_483-486_546-547	394	400	IL
3J7Q_5_488-492_538-541	394	400	IL
3J7Q_5_718-721_731-732	394	400	IL
4V5O_BA_57-61_82-83	394	400	IL
6HA1_A_2708-2712_2753-2755	394	400	IL
5T5H_B_700-703_717-719	394	400	IL
3J7Q_5_3648-3649_3704-3707	394	400	IL
5XXB_1_1762-1764_1877-1881	394	400	IL
5VOE_A_5-10_26-30	395	401	IL
5NGM_Aa_249-254_284-291	396	402	IL
5AN9_N_1422-1428_1548-1554	396	402	IL
3J79_A_1314-1321_1441-1446	396	402	IL
5XYI_2_136-141_157-164	396	402	IL
5J7L_DA_1414-1415_1581-1586	397	403	IL
5O60_A_991-994_1012-1015	397	403	IL
3NDB_M_5-8_124-130	398	404	IL
5XY3_3_3-7_109-113	398	404	IL
5O60_A_238-244_252-257	399	405	IL
5O60_A_2859-2863_2997-3005	399	405	IL
4IOA_X_1053-1061_1118-1122	399	405	IL
4V9F_9_74-80_100-105	399	405	SR
4Y4O_2A_226-232_240-245	399	405	SR
5T5H_A_79-86_94-99	399	405	IL
3V7E_C_16-20_30-37	399	405	KT
5XXB_1_1484-1491_1511-1515	399	405	IL
