subcluster_0,7RQB_1A:288-290_350-353,7KGB_a:1433-1436_1452-1454,6CK5_A:80-82_94-97,4LFB_A:774-778_804-805,8BUU_a:783-787_813-814,4PMI_A:47-49_70-73,8BUU_A:2110-2112_2265-2268,4WF9_X:2108-2110_2263-2266,6AZ3_2:669-671_1032-1035,6D9J_5:2543-2547_2772-2773,2XXA_F:19-21_78-81,7A0S_X:2064-2066_2215-2218,5T5H_B:769-771_1163-1166,5ZEB_B:30-31_51-54,8OVA_BB:687-689_1047-1050
subcluster_1,7ASE_0:2208-2210_2252-2253,4V8P_D1:470-472_506-507,3F2X_X:13-15_27-28,5J7L_DA:738-740_757-758,5ML7_B:2177-2179_2201-2202,4LFB_A:1260-1262_1273-1274,8FR8_A:2274-2276_2841-2842,4WF9_X:783-785_802-803,8BUU_A:785-787_804-805,7ASE_0:982-983_1188-1190,7NSH_BA:1277-1278_1319-1321,7RQB_1A:2050-2052_2617-2618,8BUU_A:2079-2081_2646-2647,4WF9_X:2077-2079_2644-2645,6ERI_AA:749-751_768-769,8A98_S1:2089-2091_2132-2133,6GAZ_AA:78-79_103-105,8FR8_A:853-855_872-873,7A0S_X:2033-2035_2596-2597,6DN2_X:13-15_27-28,7O7Y_A2:1265-1267_1517-1518,7QI4_A:2941-2942_2983-2985,5MRC_A:2668-2670_2681-2682,3J7P_S2:1337-1338_1488-1490
subcluster_10,5XXU_2:389-391_406-408,1KUQ_B:18-19_50-53,6ERI_AA:2539-2540_2557-2560,4V9F_0:245-248_265-266,4V9F_0:2557-2558_2575-2578,4LFB_A:654-655_751-754,5T5H_A:120-123_149-150,3J7P_S2:437-439_454-456,8FR8_A:2746-2747_2764-2767,4WF9_X:2549-2550_2567-2570,3J7A_A:395-397_412-414,4PDB_I:10-13_28-29,7O7Y_A2:438-440_455-457,5J7L_AA:654-655_751-754,7RQB_1A:2522-2523_2540-2543,7A0S_X:2501-2502_2519-2522,8A98_S1:432-434_449-451,7ASE_0:436-438_453-455,6D9J_5:3710-3713_3740-3741,4V8P_D1:2202-2205_2230-2231,6FYY_2:388-390_405-407,6AZ3_1:119-122_148-149,3MXH_R:12-13_94-97,8BUU_A:2551-2552_2569-2572,8BUU_A:305-306_410-413,8BUU_a:663-664_760-763,8GLP_S2:437-439_454-456,8OM4_r:717-718_816-819,6DME_A:16-19_37-38,4V88_A6:1688-1690_1711-1713,4V88_A6:389-391_406-408,6S0X_a:662-663_759-762,5J7L_DA:2522-2523_2540-2543,7KGB_a:645-646_742-745,3J79_A:2499-2502_2529-2530,5OQL_1:734-736_746-748,5OQL_1:973-975_990-992
subcluster_100,4V8P_D1:81-87_95-100,4FRG_B:6-15_76-78,7QI4_AA:1140-1147_1158-1163,7NSH_BA:809-817_982-985,7QI4_AA:756-761_779-786,6QKL_N:1453-1461_1518-1522,6ERI_BA:133-138_153-159,7SFR_A:1172-1180_1237-1241
subcluster_101,4V9F_0:1764-1769_1774-1780,5XY3_1:1157-1163_1872-1877,7SFR_A:241-247_255-260,5G2X_A:79-85_92-99
subcluster_102,5XYI_2:56-61_76-78,3J7P_S2:924-927_1014-1018
subcluster_103,8GLP_L5:2446-2450_2509-2514,3J7Q_5:2446-2450_2509-2514,6ERI_AA:886-891_906-910,6D9J_5:2446-2450_2509-2514,6QW6_4:28-34_42-45,1E7K_C:28-34_42-45,2OZB_C:28-34_42-45
subcluster_104,1I6U_C:12-13_24-27,4LFB_A:597-598_640-643,5J7L_AA:597-598_640-643,7ASE_0:154-156_166-168,4V8P_D1:2879-2880_2897-2900,7O7Y_A2:923-924_1020-1023,1U6B_B:147-150_162-163,3IGI_A:334-335_346-349,3T4B_A:2-5_19-20,4PCJ_A:8-11_27-28,4V91_1:3345-3347_3358-3360,5F9R_A:87-89_96-98,3J7Q_5:2842-2844_3844-3846,3J7A_A:148-150_160-162,5OQL_1:1450-1451_1547-1550,5XYI_2:594-595_647-650,5J7L_AA:77-79_90-92,5J7L_AA:80-82_87-89,8GLP_S2:1287-1288_1311-1314,4V9F_0:1902-1905_1934-1935,6ERI_BA:627-629_659-661,6ERI_BA:720-722_755-757,6ERI_AA:1699-1701_2009-2011,3J79_A:1821-1823_2003-2005,8A98_S1:1582-1583_1606-1609,6GSL_1L:2-4_70-72,6S0X_a:1010-1012_1048-1050,7A0S_X:1504-1507_1515-1516,7EQJ_B:5-7_66-68,6MCB_B:87-89_96-98,3KTW_C:144-146_232-234,5T5H_B:1641-1643_1647-1649,8GLP_S2:922-923_1019-1022,5XY3_1:935-937_1014-1016,5XYI_2:1166-1168_1173-1175,8GLP_L5:4468-4469_4486-4489,5DCV_D:5-6_45-48,7O7Y_A2:1288-1289_1312-1315,7O7Y_A2:1400-1402_1446-1448,4V88_A6:865-866_962-965,3J7P_S2:882-884_902-904,3J7P_S2:922-923_1019-1022,7KGB_a:588-589_631-634,6ERI_AA:136-137_157-160,5XTM_D:5-6_41-44
subcluster_105,5J7L_DA:24-29_511-516,8BUU_A:24-29_557-562,8FR8_A:21-26_598-603,4WF9_X:24-29_556-561,7RQB_1A:24-29_511-516,7SFR_A:24-29_599-604,7A0S_X:24-29_521-526
subcluster_106,5XXU_2:58-63_86-88,6ERI_AA:2095-2098_2252-2256,1NBS_B:146-150_159-162,7O7Y_A2:57-62_86-88,6FYY_2:58-63_87-89,5J7L_AA:1124-1127_1145-1149,8GLP_S2:57-62_86-88,4V88_A6:58-63_87-89,5OQL_1:645-650_673-675
subcluster_107,4LFB_A:446-450_483-488,4GMA_Z:86-90_153-158,3KTW_C:193-199_224-227,7SFR_a:445-449_474-479
subcluster_108,5MRC_A:1638-1643_1649-1656,5J7L_AA:1247-1253_1284-1290,6S0X_a:1257-1263_1294-1300
subcluster_109,7SFR_A:709-713_722-726,7SFR_a:1251-1255_1264-1268,8FR8_A:699-703_712-716,7SFR_a:411-415_426-430
subcluster_11,8OVA_BB:82-85_600-601,8GLP_L5:2847-2850_3840-3841,5XXB_1:2001-2004_2449-2450,3J7Q_5:2847-2850_3840-3841,7SFR_A:1901-1904_2231-2232,4V9F_0:1744-1747_2034-2035,5MRC_A:1618-1621_1893-1894,7QI4_A:2470-2473_2656-2657,8FR8_A:1884-1887_2217-2218,4WF9_X:1710-1713_2020-2021,6AZ3_2:82-85_582-583,7NSH_BA:801-804_988-989,6ERI_AA:1702-1705_2007-2008,5XY3_1:1563-1566_1854-1855,5J7L_DA:1666-1669_1993-1994,7RQB_1A:1666-1669_1993-1994,4V8P_D1:1922-1925_2331-2332,7A0S_X:1683-1686_1976-1977,4V91_1:1898-1901_2336-2337,5T5H_B:82-85_682-683,8BUU_A:1711-1714_2022-2023,5TBW_1:1898-1901_2336-2337,3J79_A:2166-2169_2629-2630
subcluster_110,5TBW_1:1694-1698_1747-1752,4V91_1:1694-1698_1747-1752,4M4O_B:15-23_44-45,4M6D_H:15-23_44-45,8FR8_A:356-364_438-439
subcluster_111,4LFB_A:371-375_389-390,5XXU_2:443-447_460-461,5XXB_1:2509-2511_3092-3095,6ERI_BA:943-947_994-995,6S0X_a:379-383_397-398,3J7A_A:449-453_466-467,5OQL_1:1027-1031_1044-1045,5J7L_AA:993-997_1044-1045,6ERI_BA:605-607_696-699,7QI4_AA:834-838_852-853,8A98_S1:486-490_508-509,6AZ3_2:642-644_1420-1423,7ASE_0:490-494_512-513,6D9J_5:2843-2846_3842-3845,8BUU_a:1003-1007_1054-1055,7RQB_1A:1415-1416_1582-1587,6S0X_a:1002-1006_1055-1056,4V8P_D1:2391-2393_2969-2972,6QKL_N:2662-2664_3314-3317,4V91_1:2396-2398_2981-2984,6FYY_2:442-446_459-460,4LFB_A:993-997_1044-1045,8BUU_a:379-383_397-398,5T5H_B:742-744_1551-1554,8GLP_L5:3900-3902_4558-4561,6ERI_BA:343-347_361-362,8OM4_r:1470-1472_1589-1592,4V88_A6:443-447_460-461,4V5O_BA:435-439_452-453,5TBW_1:2396-2398_2981-2984,3J79_A:2689-2691_3340-3343
subcluster_112,7A0S_X:303-306_354-359,3IWN_A:12-16_31-35,3MXH_R:22-26_41-45,3NDB_M:201-205_216-220
subcluster_113,3JBV_W:50-52_62-64,3D0U_A:35-38_51-52,3IGI_A:305-307_312-314,7SFR_A:978-980_1055-1057,5T5H_A:809-811_833-835,6B44_M:46-48_58-60,6AZ3_2:133-135_343-345,5OQL_1:296-299_342-343,1RLG_D:2-4_22-24,3J7Q_5:2292-2294_2340-2342,5XXU_2:1150-1152_1619-1621,5E81_1K:3-5_68-70,5E81_1K:5-7_66-68,6ERI_BA:619-621_683-685,4V90_AV:11-13_22-24,4V91_1:1563-1565_1574-1576,7ASE_0:708-710_747-749,1XJR_A:19-20_28-31,6GSK_3L:50-52_62-64,3J7Q_5:1347-1349_1507-1509,7SFR_A:2308-2310_2674-2676,6FYY_2:547-549_587-589,6FYY_2:821-823_847-849,6UZ7_7:28-29_49-52,5TBW_AS:28-29_49-52,4V88_A6:822-824_848-850,7MDZ_2:11-13_22-24,3J7P_S2:1560-1562_1573-1575,7SFR_A:1516-1518_1531-1533
subcluster_114,7O7Y_A2:1109-1111_1124-1125,4LFB_A:657-658_747-749,7KGB_a:1048-1049_1191-1195,3J7Q_5:3909-3911_4391-4392,8GLP_S2:1108-1110_1123-1124,7SFR_a:1048-1049_1191-1195,6ERI_BA:1007-1008_1148-1152,8BUU_a:1067-1068_1208-1212,6S0X_a:1068-1069_1209-1213,5J7L_AA:1057-1058_1199-1203,5T5H_A:1040-1043_1052-1054,3J7P_S2:1363-1366_1373-1375
subcluster_115,5J7L_DA:1720-1724_1736-1740,8BUU_A:2872-2877_2890-2894,4WF9_X:2867-2872_2885-2889,6AHU_A:179-185_220-223
subcluster_116,6D9J_5:1911-1920_2063-2065,8GLP_L5:1911-1920_2063-2065,3J7Q_5:1911-1920_2063-2065
subcluster_117,7RQB_1A:846-850_927-931,5XXU_2:363-365_376-381,3J7A_A:369-371_382-387,7O7Y_A2:412-414_425-430,8A98_S1:406-408_419-424,7ASE_0:410-412_423-428,8GLP_S2:411-413_424-429,4V88_A6:363-365_376-381,6FYY_2:362-364_375-380
subcluster_118,7ASE_0:197-204_225-228,5T5H_G:78-83_108-112,6QKL_N:3390-3395_3420-3424,5XXB_1:460-465_537-542
subcluster_119,8GLP_L5:1957-1964_2023-2026,2XXA_F:31-37_62-66,5DCV_D:10-16_37-41,8BUU_a:458-463_487-492,5OQL_1:624-628_1050-1055
subcluster_12,5XXU_2:820-825_841-846,6ERI_AA:223-230_238-244,7SFR_A:190-195_204-210,8FR8_A:187-192_201-207,7SFR_A:2874-2878_3012-3020,8BUU_A:1455-1462_1629-1632,3J79_A:924-928_1050-1057,7SFR_a:675-679_690-697,7KGB_a:408-415_426-432,7KGB_a:675-679_690-697
subcluster_120,6D9J_5:4680-4685_4705-4710,5J7L_DA:1018-1024_1140-1144,7NSH_BA:1507-1512_1534-1539,5J7L_DA:82-85_97-104,8BUU_A:1064-1070_1186-1190,3J79_A:32-37_46-52,4WF9_X:1062-1068_1184-1188
subcluster_121,4KQY_A:17-21_31-38,5XY3_1:1385-1391_1401-1407
subcluster_122,6ERI_AA:2670-2675_2680-2684,8FR8_A:2877-2882_2887-2891,7SFR_A:2891-2896_2901-2905,7A0S_X:2632-2637_2642-2646,3NDB_M:192-198_223-226,8BUU_A:2682-2687_2692-2696,4WF9_X:2680-2685_2690-2694,7RQB_1A:2653-2658_2663-2667,5XYI_2:1087-1091_1233-1238,5MRC_A:2920-2925_2930-2934,5J7L_DA:2653-2658_2663-2667
subcluster_123,3J7Q_5:4999-5001_5046-5050,7SFR_a:1042-1046_1197-1199,5D8H_A:1197-1201_1210-1212,5XY3_1:2120-2122_2140-2144,5XY3_1:2172-2175_2189-2192,3PDR_X:21-22_163-168,8BUU_A:1133-1137_1146-1148,6S0X_a:1062-1066_1215-1217,6AZ3_1:712-715_735-738
subcluster_124,7SFR_A:993-998_1038-1041,8FR8_A:979-984_1024-1027,4WF9_X:1048-1055_1194-1195,3J79_A:2504-2508_2523-2527
subcluster_125,4V91_1:3054-3059_3084-3088,5XXU_2:1270-1273_1426-1433,4V8P_D1:1726-1730_1763-1768,5TBW_1:3054-3059_3084-3088,6N7R_R:84-87_112-119
subcluster_126,8A98_S1:1705-1707_1765-1770,7SFR_a:46-49_394-398
subcluster_127,3J7P_S2:1329-1333_1498-1500,8FR8_A:2521-2523_2541-2545,5XXB_1:2777-2779_2797-2801,6FYY_2:1271-1275_1434-1436,3J7A_A:1373-1377_1682-1684,5XYI_2:1080-1084_1245-1247,7SFR_a:588-590_630-634
subcluster_128,4LFB_A:1057-1058_1199-1203,4LFB_A:292-293_304-308,8GLP_L5:2646-2648_2685-2688,6D9J_5:4580-4583_4721-4723,3J7Q_5:2311-2314_2325-2327,7SFR_a:140-142_172-175,8GLP_L5:4749-4751_4948-4951,5J7L_AA:292-293_304-308,6D9J_5:3895-3898_4563-4565,3Q1Q_B:179-181_198-201,3J79_B:82-85_92-94,7KGB_a:291-292_303-307,6S0X_a:510-512_549-552
subcluster_129,5T5H_A:31-36_45-51,5XY3_1:30-35_44-50,3J79_A:1849-1853_1967-1972,4LX6_A:22-25_45-52,3LA5_A:22-25_45-52
subcluster_13,6ERI_AA:2084-2085_2455-2458,4V8P_D1:3281-3282_3338-3340,6D9J_5:1753-1756_1776-1777,5OQL_1:1102-1104_1116-1117,8GLP_S2:117-119_345-346,7QI4_A:2467-2469_2658-2660,8FR8_A:1881-1883_2219-2221,4WF9_X:1707-1709_2022-2024,7NSH_BA:798-800_990-992,3PDR_X:33-35_150-151,6ERI_AA:872-873_922-924,5J7L_DA:2070-2071_2438-2441,7A0S_X:1005-1007_1170-1171,7A0S_X:1680-1682_1978-1980,6FYY_2:517-519_531-532,6AHU_A:14-15_327-329,7O7Y_A2:117-119_346-347,4V88_A6:518-520_532-533,8BUU_A:1708-1710_2024-2026
subcluster_130,3IGI_A:332-334_349-350,8OM4_r:1018-1019_1258-1260,3T4B_A:5-6_17-19,5J7L_AA:594-596_644-645,8BUU_a:603-605_653-654,1I6U_C:9-11_28-29,6S0X_a:602-604_652-653,6S0X_a:665-666_755-757,5MRC_A:2723-2725_2759-2760
subcluster_131,6ERI_AA:2476-2477_2507-2510,8FR8_A:2683-2684_2714-2717,4WF9_X:2486-2487_2517-2520,7QI4_A:2946-2947_2977-2980,7NSH_BA:1282-1283_1313-1316,7RQB_1A:2459-2460_2490-2493,8BUU_A:2488-2489_2519-2522,7A0S_X:2438-2439_2469-2472,5J7L_DA:2459-2460_2490-2493,4V88_A6:205-206_259-262,6FYY_2:204-205_258-261,5MRC_A:2725-2726_2756-2759
subcluster_132,3JAN_4:190-194_205-209,6FRK_1:190-194_205-209,4V9F_0:1728-1734_2045-2047,5J7L_AA:1255-1258_1277-1282,1MFQ_A:190-194_205-209
subcluster_133,5OQL_1:1098-1100_1120-1127,6FYY_2:513-515_535-542,4V5O_BA:507-509_529-536
subcluster_134,5XXB_1:2021-2026_2031-2037,8BUU_A:721-725_846-853,6AZ3_2:102-107_112-118,5MRC_A:583-587_690-697,7A0S_X:1703-1708_1713-1719,3J79_A:1593-1599_2647-2652,7A0S_X:687-691_812-819,4WF9_X:719-723_844-851,7RQB_1A:674-678_799-806,5T5H_B:102-107_112-118,8OVA_BB:102-107_112-118,3J79_A:2186-2191_2196-2202,5FJC_A:17-21_31-38,5J7L_DA:674-678_799-806
subcluster_135,8BUU_a:1264-1267_1286-1291,4QK9_A:29-33_99-103,4QLM_A:27-31_97-101,6AZ3_2:457-461_476-480,6D9J_5:4466-4469_4486-4491,4W90_C:28-32_102-106,8OVA_BB:475-479_494-498,4V8P_D1:1200-1207_1352-1353
subcluster_136,4V9F_0:280-286_366-369,6CB3_B:38-46_59-60
subcluster_137,1KOG_O:74-76_96-100,4JRC_B:29-33_73-75,4MGN_A:29-33_73-75,4V5O_BA:1130-1132_1589-1593,6ERI_AA:2697-2701_2743-2745,4LFB_A:933-935_1380-1384,3J7P_S2:566-569_581-584,8BUU_a:943-945_1389-1393,5XYI_2:966-968_1423-1427,5J7L_AA:933-935_1380-1384,5B2P_B:76-80_88-90,6ERI_BA:883-885_1330-1334,8A98_S1:58-63_85-87,7ASE_0:58-63_84-86,5XY3_1:2501-2505_2542-2544,7SFR_A:2918-2922_2963-2965,8FR8_A:1551-1554_1617-1619,7SFR_a:926-928_1373-1377,7KGB_a:926-928_1373-1377,6S0X_a:942-944_1390-1394,8FR8_A:2904-2908_2949-2951
subcluster_138,3J79_A:2151-2156_2640-2642,3J79_A:3487-3491_3512-3516,6QKL_N:3340-3343_3475-3479,4WF9_X:1448-1451_1632-1635,5T5H_A:1144-1153_1285-1287,8OM4_r:725-729_807-809
subcluster_139,8GLP_L5:746-754_909-918,5J7L_DA:1851-1859_1883-1891,2HVY_E:9-16_42-49,4WF9_X:1825-1831_1840-1848,6AZ3_1:1230-1237_1387-1396
subcluster_14,4LFB_A:515-521_528-536,5XY3_1:1672-1677_1690-1697,5J7L_AA:515-521_528-536,8BUU_a:524-530_537-545,7SFR_a:506-512_519-527,6S0X_a:523-529_536-544,7KGB_a:506-512_519-527
subcluster_140,7ASE_0:2084-2088_2099-2103,6ERI_AA:2704-2708_2736-2740,4V9F_0:2724-2728_2754-2758,7RQB_1A:1469-1473_1518-1523,4WF9_X:2714-2718_2745-2749,4V91_1:759-763_768-772,5TBW_1:759-763_768-772,8BUU_A:2716-2720_2747-2751,6S0X_a:588-592_765-769
subcluster_141,7KGB_a:1251-1255_1264-1268,4WF9_X:1394-1398_1407-1411,7SFR_a:571-575_748-752,7KGB_a:571-575_748-752
subcluster_142,5J7L_DA:1319-1323_1331-1333,8BUU_A:2326-2328_2346-2350,4WFL_A:73-76_91-94,5XY3_3:20-25_56-57,8OVA_BB:131-133_363-367
subcluster_143,5MRC_A:1834-1845_1861-1864,8BUU_A:1963-1974_1990-1993,4WF9_X:1961-1972_1988-1991,6ERI_AA:1948-1959_1975-1978
subcluster_144,5MRC_A:1757-1764_1786-1793,3J79_A:3583-3591_3613-3619,6YXY_AA:185-190_283-291
subcluster_145,7RQB_1B:24-28_56-59,7ASE_0:38-41_518-522,7A0S_Y:26-30_58-61,8A98_S1:38-41_514-518
subcluster_146,5T5H_H:40-45_97-101,8A98_5:40-45_96-100,4V8P_D1:1718-1722_1772-1777,5XXB_1:3166-3171_3196-3200,4AOB_A:18-21_31-37
subcluster_147,5TBW_1:1187-1194_1314-1319,4V91_1:1187-1194_1314-1319,7NSH_BA:929-940_956-959,6AZ3_1:501-506_549-559,6D9J_5:466-472_682-689
subcluster_148,7RQB_1A:280-284_357-360,7QI4_AA:1500-1504_1546-1549,3JAN_4:117-120_230-234,5G2X_A:434-438_443-447,5MRC_A:1603-1608_1904-1906,7A0S_X:1431-1435_1593-1597,8FR8_A:1748-1751_1762-1766,4V5O_BA:41-47_423-425,5XXB_1:1254-1258_1415-1419
subcluster_149,4V8P_D1:751-755_764-769,5T5H_A:1773-1777_1923-1928,4V9F_0:1570-1574_1622-1627,6ERI_AA:1493-1498_1547-1551,6AZ3_1:1640-1644_1737-1742,3J7O_7:21-26_53-57
subcluster_15,6S0X_a:447-449_501-506,5XYI_2:538-544_913-914,7O7Y_A2:666-672_1162-1163,5J7L_DA:1437-1440_1551-1555,7NSH_BA:216-219_226-230,6FYY_2:615-621_1103-1104,8GLP_S2:665-671_1161-1162,8OM4_r:678-684_945-946,6CHR_A:164-167_306-310
subcluster_150,4V5O_BA:1091-1093_1100-1101,6AZ3_1:920-922_940-941,3J7Q_5:2642-2643_2690-2692,5XXB_1:959-961_979-980,4V8P_D1:894-896_914-915,7NSH_BA:285-287_304-305,3P49_A:38-39_49-51,8FR8_A:40-41_522-524,3NKB_B:47-48_55-57,3J79_A:988-990_1008-1009,4V5O_BA:1469-1470_1479-1481,8BUU_A:1488-1490_1596-1597
subcluster_151,7SFR_A:356-365_439-441,5XY3_1:1583-1588_1593-1599,3J79_B:72-78_98-103
subcluster_152,7RQB_1A:42-43_434-436,7RQB_1A:862-863_913-915,6ERI_AA:42-43_446-448,7SFR_A:43-44_523-525,7SFR_A:991-992_1042-1044,5J7L_DA:43-44_434-436,4V9F_0:956-957_1009-1011,3J7P_S2:532-533_550-552,8BUU_A:1448-1450_1637-1638,6CHR_A:125-126_144-146,4WF9_X:907-908_958-960,8BUU_A:909-910_960-962,6S0X_a:1413-1414_1508-1510,7A0S_X:42-43_447-449,7A0S_X:875-876_925-927,3J79_A:1119-1120_1173-1175,7TZS_X:23-25_35-36,8FR8_A:977-978_1028-1030,7O7Y_A2:123-124_340-342
subcluster_153,7RQB_1A:876-877_899-901,6FYY_2:1305-1307_1316-1317,4V5O_BA:1278-1280_1289-1290,7QI4_A:2944-2946_2980-2981,7NSH_BA:1075-1077_1139-1140,7NSH_BA:1193-1194_1208-1210,7NSH_BA:1280-1282_1316-1317,7RQB_1A:2401-2403_2414-2415,6ERI_AA:2064-2066_2634-2635,4V88_A6:1306-1308_1317-1318,3OXE_A:35-36_68-70,3P49_A:113-114_140-142,7QI4_A:2713-2715_3104-3105,3J7O_7:6-7_111-113,3J7P_S2:1231-1233_1525-1526,6DLR_A:21-22_39-41,7O7Y_A2:1364-1366_1375-1376,6HIW_CA:553-554_581-583,7P3K_V:29-31_39-41,8GLP_S2:1363-1365_1374-1375
subcluster_154,5XXB_1:2536-2538_2715-2718,7SFR_a:248-251_273-274,5XXU_2:146-149_157-160,8OM4_r:839-843_869-870,4V91_1:177-178_238-241,5J7L_DA:2297-2299_2317-2321,7O7Y_A2:152-155_163-166,8BUU_A:1522-1525_1560-1563,5MRC_A:1981-1983_2262-2265
subcluster_155,3JCS_3:67-71_144-149,5T5H_E:66-70_143-148,8OVA_BE:68-72_145-150
subcluster_156,5XYI_2:810-814_830-834,3IGI_A:70-74_113-117,2R8S_R:216-220_253-257,3D2V_A:47-51_64-68,6DME_A:11-14_40-45
subcluster_157,3J7Q_5:3927-3929_4181-4184,5J7L_DA:2081-2083_2236-2239,6D9J_5:3927-3929_4181-4184,6QKL_N:2689-2691_2937-2940,4V91_1:2423-2425_2604-2607,8GLP_L5:3927-3929_4181-4184,5TBW_1:2423-2425_2604-2607,3J79_A:2716-2718_2943-2946
subcluster_158,7ASE_0:1204-1208_1298-1305,3J7Q_5:182-189_252-255,8A98_S1:1111-1115_1205-1212,6S0X_a:1135-1140_1153-1160,4V88_A6:486-491_496-501
subcluster_159,4KZD_R:25-29_53-63,7L0Z_G:18-22_45-55,7SFR_A:283-291_300-305
subcluster_16,4V91_1:32-37_46-52,4V88_A6:144-149_165-171,5TBW_1:32-37_46-52
subcluster_160,7QI4_AA:976-980_1008-1012,3P49_A:116-120_133-138
subcluster_161,1OOA_C:5-10_21-25,5J7L_DA:2129-2136_2155-2159,4V9F_0:937-940_1026-1033,3NVK_K:6-9_16-22,3NMU_E:14-17_24-30,3NVI_F:5-8_15-21,1RLG_D:5-8_15-21
subcluster_162,6D9J_5:4637-4640_4659-4662,8GLP_L5:1357-1360_1379-1382,3J7Q_5:1357-1360_1378-1382,6D9J_5:1357-1360_1379-1382
subcluster_163,6D9J_5:1905-1909_2067-2071,8GLP_L5:1905-1909_2067-2071,3J7Q_5:1905-1909_2067-2071,7NSH_BA:682-687_694-697
subcluster_164,7RQB_1A:2124-2127_2161-2174,1MZP_B:20-23_32-45,3U4M_B:2124-2127_2161-2174,6D9J_5:3969-3973_4038-4052,4V91_1:2466-2469_2476-2489
subcluster_165,4V8P_D1:3043-3048_3073-3077,6FYY_2:64-69_82-86,4V88_A6:64-69_82-86
subcluster_166,8GLP_L5:2850-2855_3837-3840,3J7Q_5:2850-2855_3837-3840,6D9J_5:2482-2486_2492-2496,7SFR_A:2376-2380_2385-2389,4V8P_D1:1925-1930_2328-2331,8FR8_A:1571-1575_1596-1600,5XYI_2:1084-1086_1239-1245
subcluster_167,4V9F_0:1367-1373_2052-2057,5XXB_1:3131-3137_3142-3147,4V91_1:3019-3025_3030-3035,5TBW_1:3019-3025_3030-3035,8BUU_A:191-196_205-211,4V9F_0:210-216_224-229,5J7L_DA:188-193_202-208,4V9F_0:2689-2695_2700-2705
subcluster_168,3JCS_3:77-95_139-140,6D9J_5:4400-4409_4433-4444,8A98_S1:717-723_729-738,7SFR_a:996-999_1016-1028
subcluster_169,5XXB_1:32-37_46-52,1Y26_X:22-25_45-52,1Y27_X:22-25_45-52,4XNR_X:22-25_45-52
subcluster_17,7ASE_0:1683-1686_1970-1974,7O7Y_A2:189-193_207-210,5XY3_1:2508-2511_2535-2539,3AGV_S:4-9_18-20,4WF9_X:1461-1465_1624-1627,8FR8_A:1638-1642_1797-1800,6ERI_BA:49-54_331-333,4V5O_BA:354-356_367-372,7KGB_a:50-55_358-360,6ERI_AA:1458-1461_1585-1589
subcluster_170,7ASE_0:802-815_829-834,7ZJX_I:34-45_82-91,4V92_AZ:6028-6039_6078-6087,4V92_AZ:6100-6102_6113-6128,3J7P_S2:1280-1291_1307-1317,5OQL_2:115-128_186-190
subcluster_171,6AZ3_2:66-71_593-595,3PDR_X:28-31_153-157,5T5H_B:66-71_693-695,8OVA_BB:66-71_611-613
subcluster_172,5XXB_1:1788-1792_1848-1853,5XXB_1:3415-3420_3448-3452,3Q3Z_V:16-22_55-58,3J7A_A:827-835_845-846,1UN6_F:73-78_98-102
subcluster_173,8FR8_A:2068-2072_2111-2115,6FYY_2:1223-1229_1256-1258,7SFR_A:2085-2089_2125-2129,6GAZ_AA:230-237_266-267,5MRC_A:2954-2958_3054-3058
subcluster_174,8BUU_A:1303-1309_2040-2045,4WF9_X:1301-1307_2038-2043
subcluster_175,3J7P_S2:1742-1746_1788-1792,3J7A_A:1975-1979_2011-2015,7O7Y_A2:1743-1747_1789-1793,4WF9_X:1883-1887_1909-1913,3J79_A:1800-1804_2028-2032,7A0S_X:1848-1852_1865-1869,8BUU_A:1885-1889_1911-1915,8GLP_S2:1742-1746_1788-1792,5XXB_1:1739-1743_1908-1912
subcluster_176,7QI4_AA:1274-1277_1298-1301,5J7L_DA:293-295_343-347,5T5H_A:1935-1936_1948-1953,7NSH_BA:1344-1346_1363-1367,7QI4_A:2857-2860_2872-2875,5MRC_A:2617-2620_2631-2634,6GAZ_AA:629-632_652-655,6AZ3_1:1749-1750_1762-1767,8BUU_A:336-338_387-391,8OM4_r:1484-1487_1573-1576,1U6B_B:56-59_85-88,4KZD_R:11-14_71-74
subcluster_177,3DHS_A:347-351_378-382,7SFR_A:1955-1958_1970-1974,5XXU_2:1676-1680_1710-1714,7RQB_1A:1856-1860_1882-1886,2A64_A:284-288_297-301,2A64_A:347-351_378-382,3DHS_A:284-288_297-301
subcluster_178,6ERI_AA:547-550_564-567,3IGI_A:267-270_283-286,5J7L_DA:2807-2811_2889-2891,3J7P_S2:189-192_207-210,8A98_S1:1966-1969_1980-1983,4XWF_A:7-10_36-39,5J7L_AA:1416-1419_1481-1484,5J7L_DA:536-539_554-557,4LFB_A:1416-1419_1481-1484,6ERI_BA:1208-1211_1222-1225,6ERI_BA:1366-1369_1431-1434,8GLP_S2:189-192_207-210
subcluster_179,3J7P_S2:528-529_555-557,5OQL_1:1101-1102_1117-1119,6ERI_BA:543-545_593-594,7NSH_BA:1045-1047_1440-1441,7QI4_A:2744-2746_2802-2803,6FYY_2:516-517_532-534,7SFR_a:648-649_738-740,4V88_A6:517-518_533-535,7KGB_a:648-649_738-740
subcluster_18,4V8P_D1:1222-1232_1326-1340,4V91_1:1195-1205_1299-1313,8OVA_BE:29-37_189-205,6ASO_I:39-59_88-92,4N0T_B:39-59_88-92,6QKL_N:1430-1440_1534-1548,6QKL_N:2472-2482_2495-2503,6GAZ_AA:306-321_389-396,5XY3_1:918-928_1022-1036,5TBW_1:1195-1205_1299-1313
subcluster_180,8FR8_A:1695-1699_1735-1739,4WF9_X:649-653_663-667,6ERI_BA:529-533_706-710
subcluster_181,5XY3_1:2457-2461_2591-2597,5XXB_1:1081-1086_1141-1146
subcluster_182,4CS1_A:3-10_13-17,4V9F_0:77-81_93-100,5FJ4_H:3-7_26-33,5FJC_A:17-21_31-38,4BW0_A:3-7_16-23
subcluster_183,7QI4_AA:1562-1565,7ASE_0:2178-2180_2283-2286,5LYS_B:33-35_74-78,4LFB_A:1402-1404_1497-1500,7KGB_a:1395-1397_1490-1493,3J7P_S2:491-495_508-509,8BUU_a:1411-1413_1507-1510,4WF9_X:42-44_480-483,3J7A_A:1936-1938_2052-2055,4V9F_0:1425-1429_1437-1439,5XYI_2:374-378_391-392,7O7Y_A2:492-496_509-510,5XXU_2:1637-1639_1751-1754,7NSH_BA:1290-1293_1303-1306,5MRC_A:1745-1748_1803-1804,5J7L_AA:1402-1404_1497-1500,8A98_S1:2059-2061_2163-2166,6GAZ_AA:846-848_923-926,7SFR_A:2306-2308_2676-2680,6GAZ_AA:190-194_208-209,6GAZ_AA:339-341_352-355,8GLP_S2:491-495_508-509,5XYI_2:1445-1447_1540-1543,6ERI_BA:1074-1077_1094-1098,6ERI_BA:1352-1354_1447-1450,7O7Y_A2:1704-1706_1830-1833,4V88_A6:1639-1641_1760-1763,4V5O_BA:1611-1613_1713-1716,6FYY_2:1637-1639_1758-1761,8GLP_S2:1703-1705_1829-1832,3J7P_S2:1537-1540_1593-1595,3J7P_S2:1703-1705_1829-1832
subcluster_184,7QI4_A:3120-3126_3131-3136,8GLP_L5:4597-4603_4608-4613,3J7Q_5:4597-4603_4608-4613
subcluster_185,3J7P_S2:599-608_635-637,3U4M_B:2110-2120_2178-2179,7O7Y_A2:600-609_636-638,1MZP_B:6-16_49-50,7RQB_1A:2110-2120_2178-2179,4V91_1:2452-2462_2493-2494,4WF9_X:1516-1521_1559-1564
subcluster_186,8BUU_a:1425-1428_1491-1494,5XXB_1:1986-1991_2460-2462,6S0X_a:1426-1429_1492-1495,4V5O_BA:1197-1202_1229-1230,8FR8_A:623-626_646-649,4WF9_X:581-584_597-600,8BUU_A:582-585_598-601
subcluster_187,3J7Q_5:2832-2837_3851-3853,8GLP_L5:2832-2837_3851-3853,6CHR_A:593-597_608-612,4V8P_D1:1907-1912_2342-2344
subcluster_188,3J7A_A:1447-1450_1623-1626,7ASE_0:1817-1820_1897-1900,5XXU_2:23-26_599-601,3PDR_X:23-26_159-162,5J7L_DA:2104-2106_2183-2185,8A98_S1:1696-1699_1776-1779,6MCB_B:36-39_49-51,5T5H_A:1350-1353_1525-1528,8OM4_r:1104-1105_1231-1235,8OM4_r:1499-1502_1560-1562,5XXB_1:123-124_148-153
subcluster_189,6ERI_AB:51-56_69-73,8FR8_A:3068-3073_3086-3090,4V91_1:2520-2526_2584-2587,5TBW_1:2520-2526_2584-2587
subcluster_19,7RQB_1A:877-879_898-899,1S03_B:16-17_34-36,7ASE_0:2207-2208_2253-2255,4V9F_0:2489-2490_2531-2533,1S03_A:16-17_34-36,7QI4_A:2955-2957_2967-2968,7NSH_BA:1194-1196_1207-1208,5MRC_A:1950-1952_2884-2885,7QI4_AA:1208-1209_1355-1357,8FR8_B:3-5_113-114,5J7L_DA:2050-2052_2617-2618,8A98_S1:2088-2089_2133-2135,4OQU_A:29-30_42-44,6GAZ_AA:559-560_710-712,3J7P_S2:1203-1204_1694-1696,6D9J_8:64-65_93-95,8FR8_B:3-5_113-114
subcluster_190,7O7Y_A2:535-538_547-551,7O7Y_A2:693-697_731-735
subcluster_191,5XY3_1:2693-2698_2728-2732,7RQB_1A:2847-2852_2865-2869,5J7L_DA:2847-2852_2865-2869
subcluster_192,8BUU_a:74-76_92-95,5OQL_1:2237-2239_2327-2329,1MFQ_A:117-119_231-234,5MRC_A:1366-1368_1397-1400
subcluster_193,5T5H_A:873-876_918-922,7NSH_BA:395-399_412-416,7NSH_BA:664-666_773-778,6AZ3_1:776-779_802-806
subcluster_194,3J7Q_5:3781-3794_3806-3811,3NPQ_A:13-16_31-48,5T5H_B:875-880_909-1138,7O7Y_A2:1542-1551_1583-1593,7O7Y_A2:1551-1560_1577-1583,3J7Q_5:1694-1725_1837-1842,8GLP_S2:1541-1549_1583-1592,3J7P_S2:1542-1550_1582-1591
subcluster_195,8GLP_L5:1934-1944_2038-2052,3J7Q_5:1934-1944_2038-2052,5G2X_A:2447-2456_2465-2475,6D9J_5:1934-1944_2038-2052
subcluster_196,3J7Q_5:4078-4081_4164-4168,3J7P_S2:1415-1419_1428-1431
subcluster_197,7O7Y_A2:1100-1104_1130-1134,8BUU_A:1396-1400_1409-1413,8GLP_L5:2589-2593_2752-2756,3J7Q_5:2589-2593_2752-2756,5J7L_DA:1357-1361_1370-1374,6ERI_AA:1874-1877_1888-1892,7A0S_X:1370-1374_1383-1387,8FR8_A:1472-1476_1485-1489,8BUU_a:589-593_766-770,3J7P_S2:1098-1102_1130-1134,7SFR_A:1488-1492_1501-1505
subcluster_198,6ERI_AA:2474-2476_2510-2511,8FR8_A:2681-2683_2717-2718,7RQB_1A:2457-2459_2493-2494,7A0S_X:2436-2438_2472-2473,5J7L_DA:2457-2459_2493-2494,8FR8_A:1312-1313_1362-1364
subcluster_199,7SFR_A:2827-2830_2839-2843,8BUU_a:49-54_367-369,6S0X_a:48-53_367-369,8BUU_A:1463-1467_1625-1628
subcluster_2,4LFB_A:953-954_1226-1228,8FR8_A:2678-2679_2720-2722,6FYY_2:1177-1178_1457-1459,4V5O_BA:1150-1151_1430-1432,5XYI_2:986-987_1269-1271,5J7L_AA:953-954_1226-1228,8GLP_S2:1235-1236_1521-1523,7RQB_1A:2454-2455_2496-2498,4WF9_X:2481-2482_2523-2525,6ERI_BA:903-904_1175-1177,8BUU_A:2483-2484_2525-2527,4V88_A6:1178-1179_1459-1461,5J7L_DA:2454-2455_2496-2498,8A98_S1:1530-1531_1860-1862,7SFR_A:2692-2693_2734-2736,8BUU_a:963-964_1235-1237,5MRC_A:2720-2721_2762-2764
subcluster_20,5XXU_2:50-52_428-429,3J7A_A:50-52_434-435,4LFB_A:54-56_356-357,5XYI_2:48-50_359-360,7O7Y_A2:49-51_477-478,5J7L_AA:54-56_356-357,7QI4_AA:694-696_819-820,8A98_S1:50-52_471-472,7ASE_0:50-52_475-476,6FYY_2:50-52_427-428,6GAZ_AA:48-50_175-176,8BUU_a:56-58_364-365,8GLP_S2:49-51_476-477,6ERI_BA:56-58_328-329,8OM4_r:61-63_360-361,7SFR_a:57-59_355-356,4V88_A6:50-52_428-429,4V5O_BA:49-51_420-421,7KGB_a:57-59_355-356
subcluster_200,6GAZ_AA:110-115_135-142,6GAZ_AA:491-498_509-514
subcluster_201,8GLP_L5:31-36_45-51,6G90_1:84-87_111-119
subcluster_202,5XXB_1:923-928_945-951,5J7L_DA:702-707_724-730,6ERI_AA:713-718_735-741,4WF9_X:747-752_769-775,3J79_A:952-957_974-980,5XY3_1:559-564_581-587
subcluster_203,3J7P_S2:359-364_396-403,7O7Y_A2:360-365_397-404,8GLP_S2:359-364_396-403
subcluster_204,7A0S_X:2718-2722_2742-2746,8FR8_A:2073-2077_2106-2110,4V9F_0:2773-2777_2797-2801,7RQB_1A:2738-2742_2762-2766,4V5O_BA:1649-1653_1672-1676,7SFR_A:2090-2094_2120-2124
subcluster_205,8GLP_L7:71-78_98-104,5XXB_3:71-78_98-104,3J7O_7:71-78_98-104,4V91_1:82-89_97-103,7O7Y_B7:71-78_98-104,5TBW_1:82-89_97-103
subcluster_206,3J7P_S2:534-537_546-549,3J7Q_5:26-28_54-58,7RQB_1A:2467-2470_2480-2483,7A0S_X:2446-2449_2459-2462,5J7L_AA:203-207_212-214
subcluster_208,6S0X_a:1265-1268_1287-1292,7SFR_A:1569-1573_1631-1635,6N5P_A:31-35_100-104,4V91_1:2835-2839_2849-2853,5XY3_1:2291-2295_2305-2309,5TBW_1:2835-2839_2849-2853
subcluster_209,4V8P_D1:1735-1741_1751-1757,3J79_C:73-76_83-93
subcluster_21,6ERI_AA:2367-2370_2381-2384,7SFR_B:22-27_58-59,8FR8_B:24-29_60-61,4V88_A6:186-189_196-199,4V8P_D1:162-165_254-257,4V9F_0:2331-2333_2351-2355,6ERI_AA:1487-1490_1554-1557,8FR8_B:24-29_60-61,6ERI_AA:1866-1869_1897-1900,3P49_A:109-113_142-144,7SFR_A:2588-2591_2602-2605,4GXY_A:105-107_122-126,3OXE_A:31-35_70-72,5WTI_B:1-5_25-27,8FR8_B:24-29_60-61,6FYY_2:185-188_195-198,5OQL_1:88-91_116-119
subcluster_210,4LFB_A:1440-1447_1459-1461,6DLR_A:77-80_92-96
subcluster_211,6QKL_N:1229-1233_1249-1251,4V91_1:1014-1018_1034-1036,3J7A_A:883-886_916-919,7O7Y_A2:108-111_351-354,4V88_A6:652-653_677-682
subcluster_212,7ASE_0:359-364_396-403,7ASE_0:713-721_741-745,5XXU_2:1476-1482_1518-1525
subcluster_213,7A0S_X:1838-1841_1876-1877,7SFR_A:2080-2083_2131-2132,7SFR_B:29-30_50-53,4V8P_C3:28-29_48-51,4V9F_9:29-30_50-53,7RQB_1B:30-31_51-54,5OQL_1:137-139_199-201,8GLP_L7:28-29_48-51,8A98_8:32-33_52-55,8FR8_B:31-32_52-55,6ERI_AA:1856-1859_1907-1908,3Q1Q_B:126-127_148-151,4M4O_B:26-28_39-41,4M6D_H:26-28_39-41,1U9S_A:133-134_164-167,4WF9_Y:28-29_49-52,5J7L_DA:1846-1849_1893-1894,5J7L_DB:30-31_51-54,8C6J_2:112-114_144-146,5T5H_D:28-29_48-51,3J79_B:28-29_48-51,3J7O_7:28-29_48-51,6AHD_H:112-114_142-144,8FR8_B:31-32_52-55,8FR8_B:31-32_52-55,8FR8_A:2063-2066_2117-2118,8BUU_A:1875-1878_1922-1923,6TPQ_V:28-29_49-52,7O7Y_B7:28-29_48-51
subcluster_214,4LFB_A:1158-1160_1176-1181,7KGB_a:1150-1152_1168-1173,4V8P_D1:3195-3199_3212-3215,7SFR_a:1150-1152_1168-1173,4V8P_D1:475-479_499-502,8BUU_a:1167-1169_1185-1190,5J7L_DA:1526-1529_1542-1546,3JCS_5:39-43_104-107,5J7L_AA:1158-1160_1176-1181
subcluster_215,6S0X_a:300-301_312-316,6AZ3_2:451-455_482-483,5TBW_1:1564-1566_1572-1575,6AZ3_1:507-509_545-548,8BUU_a:300-301_312-316,6ERI_BA:412-413_442-446
subcluster_216,7A0S_X:877-881_921-924,8BUU_A:911-915_956-959,4WF9_X:909-913_954-957,7RQB_1A:864-868_909-912,6ERI_AA:874-878_918-921,6GAZ_AA:868-870_897-902,5J7L_DA:864-868_909-912,5GAH_1:38-43_66-68
subcluster_217,4V8P_D1:30-35_44-50,4V9F_0:158-163_172-178,3J7P_S2:24-29_645-650,7O7Y_A2:677-683_1024-1030,1M5K_B:23-27_54-61,5XXU_2:1345-1349_1365-1371,6FYY_2:143-148_164-170,4WF9_X:191-196_205-211,4V9F_0:1115-1121_1243-1248,5T5H_A:1356-1363_1513-1522,6FYY_2:1486-1492_1511-1516
subcluster_218,5TBW_1:1560-1563_1576-1579,6D9J_5:739-743_921-923
subcluster_219,6QKL_N:3355-3361_3366-3371,6ERI_AA:173-178_187-193,5XY3_1:2473-2479_2484-2489,3IVN_A:13-16_36-43,7RQB_1A:1018-1024_1140-1144,5VT0_R:78-84_107-113,6ERI_BA:214-219_249-256,6ERI_AA:1046-1052_1167-1171
subcluster_22,5XXU_2:626-630_965-969,3J7P_S2:41-47_479-481,7RQB_1A:1417-1421_1577-1581,3J7Q_5:2894-2897_3602-3607,3J7A_A:42-48_437-439,5XYI_2:549-553_788-792,8GLP_S2:1281-1287_1314-1316,5XXU_2:1538-1542_1565-1569,8A98_S1:676-680_1215-1219,4V5O_BA:621-625_946-950,4V88_A6:627-631_968-972,4V8P_D1:3189-3193_3217-3221,7ASE_0:681-685_1308-1312,7SFR_A:2925-2929_2956-2960,6FYY_2:626-630_967-971,3J7A_A:634-638_1037-1041,3J7P_S2:676-680_1025-1029,8GLP_S2:676-680_1025-1029,6DLR_A:12-15_45-50,7O7Y_A2:1282-1288_1315-1317,4V88_A6:1540-1544_1567-1571,4V88_A6:42-48_431-433,6FYY_2:1538-1542_1565-1569,6FYY_2:1684-1688_1709-1713
subcluster_220,4V91_1:1532-1536_1585-1590,3OXE_A:38-42_61-66,5TBW_1:1532-1536_1585-1590,5XXB_1:1629-1633_1679-1684
subcluster_221,5T5H_G:27-31_163-169,8A98_4:31-35_167-173,5XY3_1:718-723_778-783,3J7Q_5:4740-4746_4954-4959
subcluster_222,4V88_A6:746-747_802-805,3J7A_A:417-419_426-428,4V8P_D1:469-470_507-510,5J7L_AA:70-73_97-98,1S03_A:11-14_38-39,1S03_B:11-14_38-39,7QI4_A:2197-2200_2211-2212,7NSH_BA:502-504_524-526,7NSH_BA:531-534_545-546,3IWN_A:51-54_71-72,6FYY_2:410-412_419-421,3MXH_R:61-64_76-77,8BUU_a:606-607_649-652,8GLP_S2:802-803_860-863,3J7A_A:881-883_919-921,6N7R_R:336-338_486-488,7SFR_a:73-76_92-93,7KGB_a:73-76_92-93,6PRV_A:1087-1090_1101-1102,6S0X_a:605-606_648-651,8OM4_r:1058-1061_1091-1092,3J7P_S2:802-803_860-863
subcluster_223,3J79_A:3250-3251_3268-3271,5XXB_1:3002-3003_3020-3023,4V91_1:2891-2892_2909-2912,3RW6_H:20-21_38-41,6AZ3_2:1330-1331_1348-1351,5XY3_1:2347-2348_2365-2368,6QKL_N:3224-3225_3242-3245,6S0X_a:69-71_98-100
subcluster_224,5XXU_2:892-896_907-914,3RKF_C:22-25_45-52,4FEN_B:22-26_44-52,4V5O_BA:1459-1465_1485-1490
subcluster_225,6GAZ_AA:330-334_360-364,8OM4_r:1293-1297_1312-1316
subcluster_226,7RQB_1A:481-484_496-509,4V9F_0:487-490_502-515,8BUU_A:528-531_542-555
subcluster_227,6ERI_BA:723-733_747-754,8BUU_A:2153-2156_2190-2203,6S0X_a:612-620_636-642,6D9J_5:744-752_911-920
subcluster_228,8FR8_A:2347-2350_2384-2397,7SFR_A:2032-2038_2047-2055,8FR8_A:2015-2021_2030-2038,5XXB_1:384-387_398-410
subcluster_229,3J7P_S2:63-68_81-85,7O7Y_A2:63-68_81-85,4V8P_D1:1558-1562_1610-1615,4FRN_B:6-14_75-76,3J79_A:1681-1685_1728-1733,8A98_S1:64-69_80-84,7ASE_0:64-69_79-83,8GLP_S2:63-68_81-85
subcluster_23,5T5H_G:71-75_115-118,7QI4_AA:1186-1190_1464-1468,8A98_4:75-79_119-122,6UZ7_7:32-36_41-45,5TBW_AS:32-36_41-45
subcluster_230,8GLP_L5:2656-2662_2672-2678,6D9J_5:2656-2662_2672-2678,3J7Q_5:2656-2662_2672-2678,3J79_A:1868-1874_1884-1890
subcluster_232,8FR8_A:1540-1543_1627-1632,8BUU_A:1880-1884_1916-1920
subcluster_233,5J7L_DA:2636-2640_2774-2782,3D2V_A:10-13_26-36,5TBW_1:1711-1717_1727-1733,6ERI_BA:633-637_648-655,4V91_1:1711-1717_1727-1733,4V9F_0:1312-1319_1338-1342,7RQB_1A:1208-1215_1234-1238,4GMA_Z:93-97_143-150
subcluster_234,6GAZ_AA:749-754_773-778,8FR8_A:1161-1168_1227-1230
subcluster_235,4V5O_BA:63-67_78-82,8BUU_A:922-926_945-949,8A98_7:122-126_137-141,2IL9_A:6102-6106_6134-6138,5XY3_1:891-895_1050-1054
subcluster_236,7QI4_AA:1278-1279_1289-1297,5ML7_B:2170-2177_2202-2204
subcluster_238,6ERI_BA:464-470_477-485,8OM4_r:629-635_642-650
subcluster_239,4V9F_0:1587-1592_1602-1608,6ERI_AA:1229-1236_1255-1259
subcluster_24,7SFR_A:803-807_928-935,5Y7M_D:17-24_29-33,4V8P_D1:1414-1421_1441-1445,5J7L_AA:450-455_477-483,8FR8_A:789-793_914-921,6S0X_a:692-696_707-714
subcluster_240,5XYI_2:1475-1478_1509-1512,4V5O_BA:1640-1643_1682-1685,5XXU_2:1667-1670_1720-1723,5MRC_A:735-738_858-860,8FR8_A:374-376_425-429,3J7A_A:1966-1969_2021-2024
subcluster_241,5U3G_B:60-66_78-80,8GLP_L5:493-498_656-660,4V9F_0:705-709_719-723,5XXB_1:809-812_832-836,7SFR_a:495-502_531-532,4LFB_A:504-511_540-541,7KGB_a:495-502_531-532
subcluster_242,7A0S_X:1789-1795_1805-1813,6ERI_AA:1808-1814_1823-1831
subcluster_243,7RQB_1A:738-740_757-758,7QI4_A:1948-1950_1967-1968,7A0S_X:751-753_770-771,8GLP_L5:1587-1589_1605-1606,5MRC_A:629-631_648-649,4V91_1:869-871_889-890,3J7Q_5:1586-1588_1606-1607
subcluster_244,5J7L_DA:1043-1050_1109-1112,4GXY_A:82-86_139-146,4WF9_X:1087-1094_1153-1156,3KTW_C:201-206_217-222
subcluster_245,4LFB_A:594-596_644-645,8OVA_BB:79-81_602-604,7SYQ_z:230-232_235-237,6F4H_D:1-3_20-22,7SFR_A:2071-2074_2140-2141,4UYK_R:77-79_122-124,6D9J_5:4739-4743_4957-4961,5CCB_N:0-1_72-75,6ERI_BA:608-610_693-695,8FR8_A:2054-2057_2126-2127,6AZ3_2:79-81_584-586,8GLP_L5:1403-1405_1412-1414,5J7L_AA:144-146_176-178,5J7L_DA:1837-1840_1902-1903,8A98_S1:1642-1644_1675-1677,2CSX_C:3-5_68-70,5MRC_bb:50-52_62-64,3J7Q_5:1081-1082_1217-1219,7QI4_AA:762-765_777-778,6FYY_2:708-711_727-730,6GAZ_AA:116-119_133-134,5IB8_1L:2-5_68-71,5IBB_1L:2-5_68-71,4WF9_X:1243-1245_1277-1279,5T5H_A:1007-1009_1018-1020,5T5H_B:79-81_684-686,3J7P_S2:117-121_343-346,6ERI_BA:129-131_161-163,8BUU_A:1866-1869_1931-1932,7KGB_a:585-587_635-636,6TPQ_V:21-26_57-58,7SFR_A:1191-1194_1202-1205
subcluster_246,5J7L_DA:1024-1030_1124-1140,8FR8_A:1142-1148_1242-1258,3J7Q_5:4755-4765_4869-4878,7SFR_A:1153-1159_1253-1269
subcluster_247,5J7L_DA:1669-1674_1990-1993,3K0J_E:59-63_76-80,7TZS_X:59-63_76-80
subcluster_248,8FR8_A:2352-2359_2378-2382,8BUU_A:1248-1255_1274-1278,4WF9_X:1246-1253_1272-1276
subcluster_249,4LCK_F:16-23_83-90,4LFB_A:409-416_427-433,4V5O_BA:1083-1090_1102-1107,6S0X_a:417-425_435-441,5MRC_A:58-63_407-413,3J7A_A:1212-1219_1230-1235,3D0U_A:20-27_60-66,8BUU_a:417-424_435-441,5J7L_AA:409-416_427-433
subcluster_25,5J7L_DB:71-79_97-105,7RQB_1B:71-79_98-106,6TPQ_V:69-77_95-103
subcluster_251,4V91_1:1703-1706_1738-1742,5XY3_1:1374-1378_1415-1418,4V5O_BA:1317-1320_1347-1350,3J7A_A:120-123_302-304,7O7Y_A2:1292-1295_1306-1309,7O7Y_A2:1403-1406_1442-1445,5TBW_1:1703-1706_1738-1742,8GLP_S2:1402-1405_1441-1444
subcluster_252,4V9F_0:2864-2869_2888-2892,3J79_A:3406-3411_3416-3420,5OQL_2:80-86_263-266
subcluster_253,8FR8_A:2330-2333_2402-2405,3J79_A:1908-1911_1958-1961,4M6D_H:28-30_35-39,5XY3_1:731-734_767-770
subcluster_254,3SIU_F:33-39_47-50,3J7A_A:521-523_543-550,6ERI_BA:418-422_432-437
subcluster_255,3JCS_3:104-111_121-130,4V8P_D1:2811-2818_2846-2855,5XXB_1:2934-2941_2969-2978,6AZ3_2:1262-1269_1297-1306,5OQL_1:1479-1484_1495-1503,6QKL_N:3156-3163_3191-3200,8GLP_L5:4400-4407_4435-4444,8OVA_BB:1277-1284_1312-1321,3J7Q_5:4400-4407_4435-4444,3J79_A:3182-3189_3217-3226
subcluster_256,7RQB_1A:1004-1011_1150-1151,7SFR_A:1133-1140_1280-1281
subcluster_257,3J7Q_5:745-755_908-919,6FYY_2:982-993_1009-1017
subcluster_258,5J7L_AA:446-450_483-488,4GXY_A:76-80_148-153
subcluster_259,5OQL_1:1136-1143_1152-1168,1NBS_B:184-197_216-226,7A0S_X:1035-1041_1135-1150,5G2X_A:73-79_99-113,5ZEB_B:19-29_55-65,6AHU_A:141-155_240-249,6D9J_5:732-737_926-937
subcluster_26,3J7Q_5:4239-4243_4267-4285,7RQB_1A:1024-1030_1124-1140,8BUU_A:1070-1076_1170-1186,4WF9_X:1068-1074_1168-1184,6ERI_AA:1052-1058_1152-1167
subcluster_260,7QI4_AA:876-883_912-913,3J79_A:827-831_863-868,5XY3_1:455-459_471-475
subcluster_261,5G2X_A:124-127_154-158,7SFR_A:1675-1678_1788-1792,5J7L_DA:1468-1471_1520-1524,8FR8_A:1658-1661_1771-1775,8FR8_A:1689-1692_1742-1746
subcluster_262,4V91_1:992-997_1052-1057,5TBW_1:992-997_1052-1057,5XY3_1:81-87_95-100
subcluster_263,7QI4_A:2478-2485_2650-2653,4V8P_D1:450-455_523-527,6FZ0_A:24-29_39-43,4V9F_0:567-571_586-591,5T5H_A:1372-1381_1502-1507
subcluster_264,7ASE_0:2216-2220_2242-2246,4V8P_D1:2993-2996_3128-3133,8A98_S1:2097-2101_2122-2126
subcluster_265,3J7A_A:1258-1261_1914-1918,3J7P_S2:1214-1217_1681-1685,4V88_A6:1157-1160_1617-1621,7ASE_0:1630-1633_2156-2160,6FYY_2:1156-1159_1615-1619,5OQL_1:1741-1744_2200-2204,8GLP_S2:1214-1217_1681-1685,7QI4_A:2058-2062_2077-2081,5XXB_3:32-36_41-45,5XXU_2:1152-1155_1615-1619,8A98_S1:1509-1512_2037-2041,7O7Y_A2:1215-1218_1682-1686
subcluster_266,6D9J_5:1551-1555_1572-1576,8GLP_L5:1551-1555_1572-1576,4UYK_R:86-90_111-115,4GMA_Z:97-101_139-143,3J7Q_5:1551-1555_1572-1576
subcluster_267,7ASE_0:1235-1239_1250-1257,8A98_S1:1142-1146_1157-1164,1YLS_B:211-216_229-235,7A0S_X:1029-1035_1150-1155,7O7Y_A2:130-144_175-182
subcluster_268,7SFR_A:636-637_645-647,7QI4_AA:1175-1176_1477-1479,5J7L_AA:1440-1442_1460-1461,6ERI_Ax:30-31_52-54,3J79_A:1823-1824_2001-2003,6D9J_5:3954-3956_4057-4058,1XJR_A:13-14_37-39,6QKL_N:2658-2660_3319-3320,5WT1_C:26-27_43-45,7KGB_a:76-77_90-92,8OM4_r:1419-1421_1439-1440,4V5O_BA:477-478_493-495
subcluster_269,5J7L_DA:481-484_496-509,7A0S_X:492-495_506-519
subcluster_27,6D9J_5:1522-1526_1648-1655,4V8P_D1:830-834_956-963,8GLP_L5:2358-2364_3858-3863,8GLP_L5:2867-2872_2877-2883,6CHR_A:429-434_491-497,3J7Q_5:2867-2872_2877-2883,3J7Q_5:2358-2364_3858-3863,7QI4_A:1906-1910_2009-2016,5XXB_1:895-899_1021-1028,5TBW_1:1388-1395_1415-1419,7NSH_BA:242-246_346-353,4V91_1:1388-1395_1415-1419,4V91_1:1444-1450_2354-2359,4LFB_A:684-688_699-706,8GLP_L5:1522-1526_1648-1655,6D9J_5:2358-2364_3858-3863,4V8P_D1:1942-1947_1952-1958,3J7Q_5:1522-1526_1648-1655,4V91_1:1918-1923_1928-1934,4V91_1:805-809_931-938,6AZ3_1:856-860_982-989,5TBW_1:805-809_931-938,5T5H_A:972-976_1098-1105,5TBW_1:1918-1923_1928-1934,5TBW_1:1444-1450_2354-2359,5XXB_1:1541-1547_2467-2472
subcluster_270,3J7Q_5:5003-5010_5038-5044,5XXB_1:82-89_97-103
subcluster_271,5XXU_2:64-69_81-85,3J79_A:1121-1126_1169-1172,5XTM_B:9-14_35-38,6AZ3_1:1050-1055_1097-1100,5MRC_A:2902-2906_3112-3116
subcluster_272,4V9F_0:830-832_850-851,5XXU_2:117-119_297-298,4V88_A6:118-120_297-298,4V91_1:2450-2452_2494-2496,5XYI_2:107-109_229-230
subcluster_273,4LFB_A:1431-1435_1466-1469,8BUU_A:1573-1576_1590-1594
subcluster_274,3J7Q_5:4081-4088_4161-4164,6D9J_5:4081-4088_4161-4165,3J7Q_5:2643-2648_2685-2690,8GLP_L5:4082-4088_4161-4164
subcluster_275,4V9F_0:1907-1912_1927-1932,5XY3_1:1728-1733_1746-1751,2R8S_R:134-136_182-189,3J79_A:3390-3393_3524-3530
subcluster_276,4V9F_0:1975-1986_2002-2005,8OVA_BE:106-115_125-130,3J7A_A:963-968_979-987,5XXB_1:476-483_517-526
subcluster_277,5T5H_A:421-424_435-448,2Z75_B:101-108_123-131,5TBW_AS:72-80_100-106,6UZ7_7:72-80_100-106,8BUU_A:1827-1833_1842-1850
subcluster_279,4V91_1:1218-1226_1283-1287,5J7L_DA:1798-1804_1813-1821,5TBW_1:1218-1226_1283-1287
subcluster_28,4V8P_D1:1470-1476_2349-2354,5ML7_B:2151-2161_2223-2224,7KGB_a:241-246_276-283,3J7Q_5:3896-3902_4558-4564,7SFR_a:241-246_276-283,4C4W_H:3-7_26-33,5XY3_3:72-78_98-103,5XY3_4:70-73_81-89,3J7P_S2:1604-1610_1629-1635
subcluster_280,4JRC_B:37-46_68-69,3Q1Q_B:227-233_261-267,7RQB_1A:2129-2137_2154-2159,4MGN_A:37-46_68-69,2Z75_B:85-96_136-139,6ERI_BA:1107-1111_1123-1130
subcluster_281,7QI4_AA:729-732_742-744,5J7L_AA:371-375_389-390,8OM4_r:375-379_393-394,7KGB_a:370-374_388-389
subcluster_282,5XYI_2:293-295_306-312,5XYI_2:1302-1306_1317-1321
subcluster_283,7ASE_0:2078-2084_2103-2110,8GLP_S2:1749-1755_1777-1785
subcluster_284,3J79_A:1323-1333_1427-1441,7NSH_BA:4-8_132-147,6AGB_A:203-216_241-250,5XXB_1:1282-1292_1386-1400
subcluster_285,8BUU_a:1256-1262_1293-1299,6ERI_BA:1196-1202_1233-1239
subcluster_286,4V5O_BA:734-742_774-782,4V5O_BA:1451-1458_1491-1499
subcluster_287,4LCK_F:37-47_69-71,7SFR_A:1556-1561_1642-1649,8A98_4:46-53_58-64,4V8P_D1:2152-2157_2168-2175
subcluster_288,6CB3_B:7-14_91-96,6CB3_B:7-14_91-96
subcluster_289,3J79_A:1114-1119_1175-1180,8GLP_L5:3715-3720_3733-3738,4V9F_0:1456-1460_1483-1489,5XY3_1:531-535_658-665
subcluster_29,7ASE_0:1584-1591_1602-1607,6ERI_AA:685-689_810-817,4LFB_A:887-894_905-910,8BUU_a:897-904_915-920,6ERI_BA:837-844_855-860,8BUU_A:241-248_256-262,7A0S_X:715-721_736-743,8A98_S1:1463-1470_1481-1486,7RQB_1A:1043-1051_1108-1112,3IGI_A:296-303_316-321,6AZ3_1:81-88_96-101,6S0X_a:896-903_914-919,5J7L_DA:239-245_253-258,6ERI_AA:1071-1079_1136-1140
subcluster_290,6FYY_2:745-747_801-805,3J79_A:3433-3437_3476-3478
subcluster_291,5T5H_A:1780-1782_1793-1920,5MRC_A:1705-1711_1721-1729,5XYI_2:1290-1297_1327-1334
subcluster_293,4LFB_A:450-455_477-483,7NSH_BA:1455-1461_1466-1471,4V9F_0:765-769_892-899
subcluster_294,8FR8_A:1378-1384_2235-2240,7SFR_A:1394-1400_2249-2254
subcluster_295,5J7L_DA:876-879_898-901,6GAZ_AA:82-85_97-100
subcluster_296,7SFR_A:1947-1951_1978-1980,5MRC_A:433-436_453-456
subcluster_297,5J7L_DB:24-28_56-59,5OQL_1:359-362_405-409
subcluster_298,5XY3_1:1214-1218_1226-1228,3J79_A:1650-1654_1662-1664,5GAN_W:33-35_46-50,4V88_A6:704-707_731-734
subcluster_299,8OVA_BB:784-790_1025-1029,6AZ3_2:766-772_1010-1014,5T5H_B:866-872_1141-1145
subcluster_3,7SYQ_z:255-261_272-277,7SFR_A:1921-1926_1931-1937,4V9F_0:1521-1529_1662-1665,8FR8_A:1904-1909_1914-1920,4WF9_X:1730-1735_1740-1746,6ERI_AA:1722-1727_1732-1738,5J7L_DA:1686-1691_1696-1702,7RQB_1A:1526-1529_1540-1546,7RQB_1A:1686-1691_1696-1702,8BUU_A:1731-1736_1741-1747
subcluster_30,6AZ3_1:1027-1033_1158-1162,4V9F_0:21-26_517-522,6ERI_AA:867-872_924-929,5XY3_1:1102-1109_1128-1132,3J79_A:1536-1543_1563-1567
subcluster_300,5D8H_A:1153-1160_1219-1222,8GLP_L5:732-734_929-937,4V8P_D1:1245-1252_1311-1314
subcluster_301,5J7L_DB:34-38_44-48,7A0S_Y:36-40_46-50,1MJI_D:34-38_44-48,5NS3_C:34-38_44-48,4V9F_0:1101-1108_1254-1255
subcluster_302,8FR8_A:1937-1942_1952-1957,8BUU_A:1089-1096_1155-1158
subcluster_303,7A0S_X:1098-1103_1110-1113,1J2B_C:926-929_943-947
subcluster_304,6D9J_5:3950-3952_4060-4062,3CZW_X:7-9_10-12,3D0M_X:7-9_10-12,6FYY_2:149-151_161-163,8GLP_S2:152-154_164-166
subcluster_305,3J7Q_5:731-735_928-938,7O7Y_B7:21-28_51-57
subcluster_306,4V88_A6:311-316_348-355,6AZ3_1:30-35_44-50,6FYY_2:310-315_347-354
subcluster_307,5ML7_B:2165-2168_2206-2219,4WF9_X:527-530_541-554,6AZ3_1:417-420_431-444
subcluster_308,7KGB_a:1115-1119_1136-1141,7SFR_a:1115-1119_1136-1141,7A0S_X:2666-2670_2698-2702,7A0S_X:81-84_96-102,7RQB_1A:1058-1063_1075-1080,7A0S_X:2822-2827_2840-2844
subcluster_309,4V9F_9:33-37_43-47,8BUU_A:1050-1057_1196-1197,5J7L_DA:1004-1011_1150-1151
subcluster_31,6ERI_AA:2484-2487_2497-2500,8FR8_A:2691-2694_2704-2707,6AZ3_2:1275-1278_1288-1291,4V8P_D1:2824-2827_2837-2840,5J7L_AA:1259-1262_1273-1276,4WF9_X:2494-2497_2507-2510,7SFR_A:2705-2708_2718-2721,5J7L_DA:2467-2470_2480-2483,8BUU_A:2496-2499_2509-2512,4V9F_0:2502-2505_2515-2518,3NPQ_A:16-18_27-31,8GLP_L5:4413-4416_4426-4429,3J7P_S2:1453-1455_1471-1475,6ERI_AA:1340-1344_1352-1354
subcluster_310,7KGB_a:1239-1245,7SFR_a:1239-1245_1276-1282,3J79_A:2449-2455_2466-2473
subcluster_311,8FR8_A:1434-1438_1446-1448,7SFR_A:1450-1454_1462-1464
subcluster_312,5XXU_2:38-41_466-470,4V5O_BA:37-40_458-462,4V8P_D1:571-574_594-598,5XY3_1:725-729_772-775,6D3P_A:6-9_32-36,2R8S_R:112-116_205-208
subcluster_313,5OQL_2:87-95_258-262,8OM4_r:952-959_970-975,6D9J_5:3714-3720_3733-3739,7SFR_a:880-887_898-903,5J7L_AA:887-894_905-910,7KGB_a:880-887_898-903
subcluster_314,7QI4_AA:1244-1252_1340-1345,5XXB_1:578-584_627-632
subcluster_315,3Q1Q_B:237-240_253-257,8OM4_r:990-994_1456-1459,5XXB_1:467-471_530-535
subcluster_316,4V5O_BA:743-758_768-773,6S0X_a:73-82_87-96
subcluster_317,5XYI_2:920-927_938-943,6D9J_5:1957-1965_2022-2026
subcluster_318,7SFR_A:3082-3087_3100-3104,5J7L_DA:1474-1478_1513-1517,4LFB_A:580-584_757-761,4V8P_D1:2418-2421_2592-2596
subcluster_319,6ERI_AA:292-296_363-367,4LFB_A:1124-1127_1145-1149,4WF9_X:2707-2711_2752-2754,7RQB_1A:2680-2684_2725-2727,3J79_A:1530-1533_1570-1574,8BUU_a:1134-1137_1154-1158
subcluster_32,6BK8_i:622-624_1004-1007,4V8P_D1:3092-3096_3116-3120,4V91_1:3103-3107_3127-3131,5TBW_1:1167-1170_1329-1332,3J7Q_5:4681-4685_4705-4709,7OHQ_6:30-34_45-48,8GLP_L5:4681-4685_4705-4709,5XXB_1:3215-3219_3239-3243,5TBW_1:3103-3107_3127-3131
subcluster_320,6FRK_1:56-60_287-290,3J7A_A:1635-1637_1653-1658,3IGI_A:172-175_190-194
subcluster_321,5T5H_A:1612-1620_1638-1644,6AZ3_1:1479-1487_1505-1511
subcluster_322,6QKL_N:1404-1408_1564-1568,4V9F_0:1095-1099_1257-1261,7TZS_X:20-21_38-45,8OM4_r:844-848_864-868,4WF9_X:1878-1882_1914-1918,7A0S_X:1843-1847_1870-1874,3J7A_A:1059-1063_1079-1083,3K0J_E:15-16_38-45
subcluster_323,4WF9_X:1695-1700_2031-2033,6ERI_AA:1687-1692_2018-2020
subcluster_324,8GLP_L5:512-516_645-647,3J79_A:197-201_210-213
subcluster_325,5T5H_D:32-36_41-45,8GLP_L7:32-36_41-45,7O7Y_B7:32-36_41-45,8OVA_BE:38-42_184-188,8A98_8:36-40_45-49,3J7O_7:32-36_41-45
subcluster_326,4WF9_Y:21-26_57-58,6D9J_5:4243-4245_4263-4267,5T5H_H:62-65_90-93,5XYI_2:142-145_155-158,8GLP_L5:4243-4245_4263-4267,3J7Q_5:4243-4245_4263-4267,6D9J_5:1173-1176_1185-1188
subcluster_327,8GLP_L5:3660-3665_3677-3684,6D9J_5:3660-3665_3677-3684,5J7L_DA:1208-1215_1234-1238,3J7Q_5:3660-3665_3677-3684,3U4M_B:2129-2136_2155-2159
subcluster_328,1Q96_A:6-13_18-24,7ZJX_I:130-138_150-156,5X2G_B:62-70_84-89,3J79_A:3115-3124_3136-3143
subcluster_329,5XXB_1:2633-2639_2695-2698,8GLP_L5:5004-5009_5039-5043,6D9J_5:5004-5009_5039-5043
subcluster_33,6D9J_5:1733-1737_1792-1796,5Y7M_D:8-11_39-44,8FR8_A:2081-2084_2098-2102,3PDR_X:60-64_77-81,7SFR_A:2098-2101_2112-2116,4V8P_D1:167-171_248-252,8OM4_r:1371-1375_1398-1402
subcluster_330,5XXU_2:982-986_1012-1013,6D9J_5:1586-1589_1605-1607,4QK9_A:43-44_93-96,4QLM_A:39-40_91-94,7O7Y_A2:1757-1759_1775-1777,7SFR_a:291-292_303-307,6ERI_BA:630-632_656-658,5XXB_1:3272-3274_3373-3375,4W29_AX:49-51_63-65,4W90_C:58-59_96-99,8GLP_S2:879-881_905-907,3J7P_S2:879-881_905-907
subcluster_331,4V91_1:532-538_553-560,5MRC_A:1237-1244_1268-1275,5TBW_1:532-538_553-560
subcluster_332,4V9F_0:1191-1194_1205-1206,5MRC_A:537-539_546-548
subcluster_333,5XXU_2:1642-1644_1745-1748,4V9F_0:2122-2124_2269-2272,7RQB_1A:2081-2083_2236-2239,7SFR_A:2318-2320_2474-2477
subcluster_334,7SFR_A:986-991_1044-1049,4WF9_X:902-907_960-965,8FR8_A:972-977_1030-1035,5J7L_DA:857-862_915-920
subcluster_335,2OIU_P:21-25_36-40,2OIU_Q:21-25_36-40,6ERI_BA:1204-1207_1226-1231
subcluster_336,5XXU_2:480-482_504-507,4V9F_9:27-28_54-58,5XXB_3:26-27_52-56,5MRC_A:1230-1232_1280-1283,4WF9_Y:26-27_53-57,8A98_8:30-31_56-60,5XY3_1:1914-1916_2436-2439,4V8P_C3:26-27_52-56,6UZ7_7:26-27_53-57,5TBW_AS:26-27_53-57,5T5H_D:26-27_52-56,3J79_B:26-27_52-56,5XY3_3:25-26_52-56,6S0X_a:54-57_364-366,6TPQ_V:26-27_53-57
subcluster_337,7ASE_0:1325-1329_1355-1356,6N5P_A:42-45_94-96,6ERI_BA:264-265_276-280,3J7Q_5:4579-4582_4721-4723
subcluster_339,6QKL_N:3439-3443_3463-3467,5XY3_1:2554-2558_2579-2583,3J7A_A:64-68_84-88,5MRC_A:3074-3078_3099-3103,5MRC_A:924-928_1173-1177
subcluster_34,4V8P_C3:72-78_98-103,7SFR_a:369-375_386-390,5T5H_D:72-78_98-103,8GLP_L5:118-122_147-153,7A0S_X:165-170_179-185,7A0S_X:216-222_230-235,5XXB_1:593-598_612-618,8FR8_A:1136-1142_1258-1263,7RQB_1A:188-193_202-208,8A98_8:76-82_102-107,7SFR_A:1147-1153_1269-1274
subcluster_340,5J7L_AA:68-69_99-101,7SFR_a:71-72_94-96,3J7Q_5:1541-1544_1615-1618,7KGB_a:71-72_94-96
subcluster_341,4LFB_A:148-153_168-174,3J7A_A:141-147_163-170,5OQL_1:728-733_749-756,5OQL_1:895-900_932-939
subcluster_342,3JBV_W:28-31_39-43,4V9F_9:21-27_58-59
subcluster_343,5G2X_A:552-559_571-584,3RW6_H:11-18_43-50
subcluster_344,6AZ3_2:1199-1212_1226-1227,8OVA_BB:1214-1227_1241-1242
subcluster_345,4V8P_D1:3007-3014_3019-3025,4V88_A6:1480-1487_1519-1527,4WF9_X:241-248_256-262,5G2X_A:8-16_383-389,6FYY_2:1478-1485_1517-1525
subcluster_346,4V5O_BA:302-307_339-346,4V8P_D1:1214-1221_1341-1346,5XXB_1:1274-1281_1401-1406
subcluster_347,8GLP_S2:1101-1103_1129-1131,8GLP_L5:4638-4640_4659-4661,3J7Q_5:4638-4640_4659-4661
subcluster_348,3IGI_A:10-14_257-262,6CB3_B:38-46_59-60,5XYI_2:1298-1302_1321-1326
subcluster_349,5XY3_1:1560-1562_1856-1858,3Q1Q_B:103-107_209-210,6ERI_AA:1441-1442_1611-1614
subcluster_35,7SFR_a:1395-1398_1489-1493,7QI4_A:2339-2343_2423-2426
subcluster_350,8BUU_a:1449-1452_1469-1471,8FR8_A:2304-2306_2460-2463,6S0X_a:1450-1453_1470-1472,7RQB_1A:1433-1435_1557-1560,8GLP_S2:1395-1398_1448-1450
subcluster_352,8FR8_A:2158-2169_2185-2188,7RQB_1A:1934-1945_1961-1964,5J7L_DA:1934-1945_1961-1964,7SFR_A:2172-2183_2199-2202,6AZ3_1:1246-1255_1376-1381
subcluster_353,6D9J_5:4625-4629_4669-4672,6QKL_N:3383-3387_3427-3430,5XXB_1:3159-3163_3203-3206,6ERI_Ax:35-38_44-48,8GLP_L5:4625-4629_4669-4672,3J7Q_5:4625-4629_4669-4672,7A0S_X:1015-1022_1161-1162
subcluster_355,7SFR_A:81-85_98-105,7RQB_1A:81-85_97-105
subcluster_356,8A98_S1:1881-1888_1936-1944,3J7P_S2:940-941_985-1002
subcluster_358,6D9J_5:31-37_44-51,3J7Q_5:31-37_44-51,4WF9_X:1451-1460_1628-1632
subcluster_359,7RQB_1A:2687-2691_2718-2722,7O7Y_A2:1092-1094_1153-1159,4V9F_0:2492-2495_2525-2529,5TBW_1:1540-1542_1551-1557,8A98_4:82-87_112-116
subcluster_36,7A0S_X:871-875_927-931,7A0S_X:616-620_629-633,7ASE_0:1330-1334_1350-1354,6ERI_AA:616-620_630-634,4LFB_A:1303-1307_1330-1334,7KGB_a:1295-1299_1322-1326,8BUU_a:1312-1316_1339-1343,8BUU_A:905-909_962-966,6S0X_a:1313-1317_1340-1344,3J7A_A:1837-1841_1864-1868,7RQB_1A:858-862_915-919,7SFR_a:1295-1299_1322-1326,5J7L_DA:606-610_618-622,5J7L_AA:1303-1307_1330-1334,7RQB_1A:1357-1361_1370-1374,7RQB_1A:606-610_618-622,8A98_S1:1237-1241_1257-1261,4V8P_D1:782-786_794-798,8BUU_A:650-654_664-668,5XYI_2:1347-1351_1373-1377,6ERI_BA:1252-1256_1279-1283,7O7Y_A2:1605-1609_1632-1636,4V5O_BA:1512-1516_1539-1543,8GLP_S2:1604-1608_1631-1635
subcluster_362,3J79_A:3724-3729_3759-3763,5J7L_DA:1712-1718_1742-1746
subcluster_363,6FYY_2:1229-1230_1253-1256,4V5O_BA:1202-1203_1226-1229,5XXU_2:1225-1226_1249-1252,6ERI_BA:1070-1072_1100-1102,4V5O_BA:200-201_256-259
subcluster_364,8GLP_S2:1550-1558_1577-1582,3J7P_S2:1407-1413_1433-1439,3J7P_S2:1550-1558_1577-1582
subcluster_365,6FYY_2:1344-1347_1375-1378,4V91_1:1167-1171_1328-1332,4V88_A6:1345-1348_1377-1380,7QI4_AA:946-950_1044-1049,6GAZ_AA:301-305_397-401
subcluster_366,4V88_A6:895-899_910-917,6FYY_2:894-898_909-916
subcluster_367,5XYI_2:243-248_278-285,8GLP_L5:466-471_683-689,3J7Q_5:466-472_682-688,4V9F_0:1854-1859_1870-1877,5XXB_1:3291-3299_3309-3314,6HIW_CA:230-236_243-251
subcluster_368,6FYY_2:703-708_730-735,4V9F_0:1147-1154_1213-1216
subcluster_369,3SKI_A:31-34_52-59,3SKL_B:30-33_51-58,8A98_S1:1959-1963_1986-1991
subcluster_37,6D9J_5:1739-1744_1786-1789,8GLP_L5:1739-1744_1786-1789,4V91_1:3004-3007_3139-3144,6S0X_a:1269-1273_1282-1286,4V8P_D1:1025-1030_1072-1075,3J7Q_5:1739-1744_1786-1789,5TBW_1:999-1004_1046-1049,5NWQ_A:18-20_29-35,4V91_1:999-1004_1046-1049,5TBW_1:3004-3007_3139-3144,5XXB_1:1088-1093_1135-1138
subcluster_370,4WF9_X:889-893_975-978,3J79_A:1759-1762_2090-2095,4V8P_D1:121-122_144-149,8BUU_A:1483-1486_1599-1603
subcluster_371,3J7P_S2:1720-1722_1812-1813,4WF9_X:2484-2486_2520-2521,4R4V_A:608-609_776-778,5TBW_1:870-872_888-889
subcluster_372,5XXB_1:3116-3119_3251-3257,7KGB_a:445-449_474-479
subcluster_373,3JCS_3:28-33_192-203,8OM4_r:1278-1287_1324-1331,5MRC_A:950-957_1091-1105
subcluster_375,5XYI_2:1196-1199_1215-1221,5XYI_2:1448-1452_1534-1539
subcluster_377,4V91_1:517-525_567-573,5TBW_1:517-525_567-573
subcluster_378,7SFR_A:1711-1716_1752-1757,8BUU_a:613-619_639-643
subcluster_379,6S0X_a:1417-1418_1503-1505,6DME_A:20-21_34-36
subcluster_38,3J7P_S2:1717-1720_1813-1816,7ASE_0:2192-2195_2267-2270,3IGI_A:158-161_216-219,4V91_1:3342-3345_3360-3363,5XYI_2:1459-1462_1524-1527,4V88_A6:1653-1656_1744-1747,4V8P_D1:3300-3303_3316-3319,5XXB_1:850-853_859-862,5XXU_2:1651-1654_1735-1738,7O7Y_A2:1734-1737_1799-1802,8GLP_L5:5014-5017_5032-5035,8A98_S1:2073-2076_2147-2150,3J7Q_5:5014-5017_5032-5035,5AOX_C:58-61_105-108,5BTP_B:12-15_41-44,5XXB_1:3425-3428_3441-3444,5TBW_1:3342-3345_3360-3363,3J7P_S2:1733-1736_1798-1801,7O7Y_A2:1718-1721_1814-1817,6FYY_2:1651-1654_1742-1745,8GLP_S2:1717-1720_1813-1816,8GLP_S2:1733-1736_1798-1801,6D9J_5:5014-5017_5032-5035
subcluster_380,4V91_1:1883-1888_2347-2349,8OM4_r:517-521_529-534,5TBW_1:1883-1888_2347-2349,5MRC_A:25-32_3273-3274
subcluster_382,3IGI_A:76-79_103-111,4V9F_0:2672-2676_2809-2817
subcluster_383,4V91_1:725-728_741-745,5TBW_1:725-728_741-745
subcluster_384,7O7Y_A2:952-957_968-976,3J7Q_5:1925-1933_2053-2059,7QI4_AA:887-893_900-908,6GAZ_AA:241-247_254-262
subcluster_386,4PDB_I:14-15_24-27,5J7L_DA:1203-1206_1240-1242,5BTP_B:7-9_47-49,6FYY_2:479-481_504-507,8OM4_r:1275-1277_1332-1334,6S0X_a:598-600_655-657,5MRC_A:3163-3165_3240-3242
subcluster_388,6FRK_1:96-106_248-254,8BUU_A:2137-2150_2206-2210,5T5H_B:502-507_519-526
subcluster_389,5XXB_1:178-179_245-252,5MRC_A:804-807_818-823
subcluster_39,7ASE_0:1749-1751_1950-1956,5J7L_DA:2687-2691_2718-2722,6FYY_2:1275-1277_1428-1434,4V5O_BA:1248-1250_1401-1407,8GLP_S2:1333-1335_1492-1498,4V88_A6:1276-1278_1430-1436,8A98_S1:1628-1630_1831-1837,3J7A_A:1377-1379_1676-1682,3J7P_S2:1333-1335_1492-1498
subcluster_390,8GLP_L5:1926-1933_2053-2058,6D9J_5:1926-1933_2053-2058,8BUU_a:250-255_285-292,4LVW_A:5-9_77-84,4NLF_A:2652-2658_2663-2668,4P8Z_A:72-75_86-94,5J7L_AA:242-247_277-284,6GYV_A:98-101_112-120,8GLP_S2:952-956_967-974,5XXU_2:311-316_348-355,3J7P_S2:952-956_967-974
subcluster_392,5J7L_DA:1263-1269_2011-2016,5MRC_A:279-285_293-298,7QI4_A:2307-2313_2674-2679
subcluster_393,6AZ3_2:402-407_419-426,8OVA_BB:420-425_437-444
subcluster_394,6D9J_5:4596-4603_4608-4614,8GLP_L5:4890-4896_4924-4929,4LFB_A:242-247_277-284
subcluster_395,7RQB_1A:1798-1804_1813-1821,7O7Y_A2:1169-1177_1186-1192
subcluster_396,3IAB_R:64-73_88-99,5G2X_A:262-268_292-307,7QI4_A:2385-2400_2403-2407,3J79_A:385-388_399-413,6S0X_a:458-466_483-491
subcluster_397,4V8P_D1:3036-3040_3080-3083,4V91_1:3047-3051_3091-3094,7A0S_X:1451-1454_1567-1571,5MRC_A:787-791_835-838,5TBW_1:3047-3051_3091-3094
subcluster_398,5OQL_1:1211-1215_1553-1557,8BUU_A:1243-1247_1279-1283,6ERI_AA:1378-1382_1391-1395
subcluster_399,5T5H_A:1741-1745_1753-1755,6AZ3_1:1608-1612_1620-1622,5MRC_A:2947-2951_3061-3063
subcluster_4,4WF9_X:1891-1894_1901-1905,6FYY_2:1387-1389_1405-1410,5XXU_2:1385-1387_1403-1408,4V88_A6:1389-1391_1407-1412,2ZY6_A:7-10_25-29,7RQB_1A:1202-1206_1240-1243,5J7L_DA:1864-1867_1874-1878,4WF9_X:1511-1514_1566-1570,3J7A_A:58-63_89-91,8FR8_A:1653-1656_1777-1781,4V5O_BA:1359-1361_1378-1383,8BUU_A:1515-1518_1567-1571,8BUU_A:1893-1896_1903-1907
subcluster_40,5T5A_A:6-9_53-57,7O7Y_A2:567-570_582-585,7NSH_BA:672-676_755-758,3J7Q_5:121-122_147-152
subcluster_400,7A0S_X:2659-2663_2705-2707,6ERI_AA:2314-2315_2335-2338,7A0S_Y:32-33_53-56,4V9F_0:2717-2721_2761-2763,7QI4_A:3148-3152_3161-3163,6D9J_5:4769-4773_4862-4865,7QI4_AA:986-988_999-1002,8A98_S1:115-119_340-343,3J7Q_5:484-487_669-670,3J7Q_5:489-493_661-664,3J7Q_5:989-992_1051-1064,4V5O_BA:58-62_83-84,8BUU_A:2709-2713_2754-2756,5T5H_B:1328-1343_1357-1359,3J7Q_5:4996-4997_5052-5055,5XXB_1:1763-1765_1878-1882
subcluster_402,6S0X_a:250-255_285-292,6QKL_N:1423-1429_1549-1555,3J79_A:1315-1322_1442-1447,5XYI_2:137-142_158-165
subcluster_403,5J7L_DA:1415-1416_1582-1587,8FR8_A:992-995_1013-1016
subcluster_404,3NDB_M:128-131_247-253,5XY3_3:4-8_110-114
subcluster_405,8FR8_A:239-245_253-258,8FR8_A:2860-2864_2998-3006,7A0S_X:1054-1062_1119-1123,4V9F_9:75-81_101-106,7RQB_1A:239-245_253-258,5T5H_A:82-89_97-102,3V7E_C:17-21_31-38,5XXB_1:1485-1492_1512-1516
subcluster_41,5XY3_1:2279-2286_2314-2323,4V91_1:2823-2830_2858-2867,6FYY_2:650-656_677-683,5TBW_1:2823-2830_2858-2867
subcluster_42,4V88_A6:1224-1231_1254-1259,6HIW_CA:97-102_123-131
subcluster_43,6ERI_AA:2756-2760_2780-2784,4V8P_D1:563-568_601-604,4V8P_D1:1194-1198_1355-1359,7QI4_A:2149-2153_2248-2252,3J79_A:1295-1299_1456-1460,5XY3_1:1245-1249_1262-1267,8FR8_A:2962-2966_2986-2990,7SFR_A:2976-2980_3000-3004,5J7L_DA:2738-2742_2762-2766,5OQL_1:651-656_668-672
subcluster_44,7SFR_A:831-836_853-859,8BUU_A:749-754_771-777,7RQB_1A:702-707_724-730,8FR8_A:817-822_839-845,8FR8_A:1322-1329_1349-1353,4V91_1:833-838_855-861,5TBW_1:833-838_855-861,5T5H_A:1000-1005_1022-1028,6AZ3_1:884-889_906-912
subcluster_45,3J7Q_5:1737-1738_1790-1792,6D9J_5:1737-1738_1790-1792,8GLP_L5:1737-1738_1790-1792,6AZ3_1:1048-1049_1101-1103,4V8P_D1:1023-1024_1076-1078,4V91_1:997-998_1050-1052,5TBW_1:997-998_1050-1052,5XXB_1:1086-1087_1139-1141
subcluster_46,2HW8_B:10-13_22-29,7A0S_X:1221-1228_1247-1251,6ERI_AA:80-84_96-103,4Y1M_B:8-15_96-101,7SFR_A:1339-1346_1365-1369
subcluster_47,3G9C_Q:96-102_119-126,4V91_1:3179-3187_3205-3210,3J79_A:1475-1481_1499-1506,5TBW_1:3179-3187_3205-3210
subcluster_48,7SFR_B:27-28_54-58,4KQY_A:45-48_77-79,3J7P_S2:49-52_475-477,5FJC_A:44-47_56-58,3V7E_C:44-47_88-90,4AOB_A:44-47_56-58,5J7L_DA:1433-1435_1557-1560,8GLP_L7:26-27_52-56,8FR8_B:29-30_56-60,4OQU_A:24-27_46-48,5FJC_A:44-47_56-58,7QI4_AA:1262-1263_1329-1333,7SFR_a:986-990_1035-1036,6GAZ_AA:617-618_684-688,7KGB_a:986-990_1035-1036,8FR8_B:29-30_56-60,1F1T_A:6-7_29-33
subcluster_49,7QI4_A:2597-2608_2624-2627,7ASE_0:1824-1831_1883-1893,5XY3_1:1795-1806_1822-1825
subcluster_5,5XXU_2:987-991_1007-1011,4YAZ_R:16-20_35-39,7O7Y_A2:1048-1052_1068-1072,7SFR_a:770-774_790-794,8BUU_a:788-792_808-812,8GLP_S2:1047-1051_1067-1071,5T83_A:69-75_87-89,4V88_A6:990-994_1010-1014,4V9F_0:663-667_679-683,6FYY_2:549-556_586-587,5GAH_1:45-49_60-64,3LQX_B:146-150_161-165,5U3G_B:6-9_30-35,8GLP_S2:599-606_636-637,7KGB_a:770-774_790-794,1DUH_A:45-49_60-64,3J7P_S2:1047-1051_1067-1071,3J7A_A:557-564_594-595,4V5O_BA:543-550_581-582,4V88_A6:550-557_587-588,5XXB_1:1597-1602_1610-1613
subcluster_50,4V8P_D1:2655-2657_2675-2679,4WF9_X:304-306_409-413,3J7Q_5:3710-3714_3739-3741,6AZ3_2:1094-1096_1114-1118,6D9J_5:4583-4585_4717-4721,7SFR_A:2759-2761_2778-2782,6QKL_N:2999-3001_3019-3023,4V91_1:2206-2210_2235-2237,5T5H_B:1225-1227_1245-1249,3J79_B:21-26_56-57,8OVA_BB:1109-1111_1129-1133,3J7Q_5:117-121_152-154,5TBW_1:2206-2210_2235-2237
subcluster_51,5XXU_2:561-567_574-582,3J7P_S2:611-617_624-632,6FRK_1:107-111_239-247,5XYI_2:484-490_497-505,7O7Y_A2:612-618_625-633,8A98_S1:611-617_624-632,4V5O_BA:556-562_569-577,4V88_A6:562-568_575-583,7ASE_0:616-622_629-637,6FYY_2:561-567_574-582,8GLP_S2:611-617_624-632,3J7A_A:569-575_582-590
subcluster_52,4LFB_A:1255-1258_1277-1282,6S0X_a:1319-1323_1334-1338,3J7A_A:1979-1983_2007-2011,8A98_4:131-135_155-159
subcluster_53,6ERI_AA:493-496_507-520,4V91_1:376-379_390-403,5TBW_1:376-379_390-403
subcluster_54,8BUU_A:2158-2165_2184-2188,7A0S_X:1426-1430_1598-1605,5J7L_AA:684-688_699-706,8BUU_a:693-697_708-715,8OM4_r:689-695_821-826,7SFR_a:449-454_468-474
subcluster_55,7ASE_0:148-153_169-175,8BUU_a:147-152_167-173,6S0X_a:148-153_168-174,5XXU_2:140-145_161-167,8GLP_L5:82-88_96-101,5J7L_AA:148-153_168-174,8A98_S1:149-154_170-176,3J7Q_5:82-88_96-101,7O7Y_A2:146-151_167-173,4V5O_BA:138-143_159-165,8GLP_S2:146-151_167-173,6D9J_5:82-88_96-101,3J7P_S2:146-151_167-173
subcluster_56,6CK5_A:17-20_42-43,6D9J_5:4456-4457_4521-4524,5XYI_2:685-686_782-785,1MMS_C:1087-1090_1101-1102,3J7Q_5:2001-2004_2015-2016,7SFR_a:1112-1114_1142-1144,5XXU_2:1685-1687_1703-1705,5TBW_1:1262-1265_1276-1277,6ERI_BA:898-900_1180-1182,4V91_1:1262-1265_1276-1277,3J79_A:191-193_238-240,4WF9_Y:6-8_107-109,7RQB_1A:1310-1313_1603-1604,6S0X_a:1129-1131_1163-1165,6QKL_N:1497-1500_1511-1512,6FYY_2:711-713_725-727,6FYY_2:824-826_844-846,3J79_A:444-446_701-703,3J7P_S2:154-156_162-164,6ERI_AA:1115-1118_1129-1130,6ERI_AA:1331-1334_1639-1640,7SFR_A:1216-1219_1230-1231
subcluster_57,7RQB_1A:293-295_343-347,6ERI_AA:303-305_352-356,7SFR_A:375-377_426-430,7KGB_a:1409-1412_1474-1477,8BUU_a:1268-1271_1282-1285,8GLP_L5:2415-2419_2427-2429,6CHR_A:10-13_340-342,4WF9_X:336-338_386-390,3J7A_A:1950-1953_2036-2039,3J7Q_5:2415-2419_2427-2429,4V88_A6:1669-1672_1729-1732,4V5O_BA:683-686_715-718,5J7L_AA:440-441_493-497,6ASO_I:33-36_95-98,6D9J_5:2415-2419_2427-2429,4N0T_B:33-36_95-98,3J79_A:3734-3737_3752-3755,8OM4_r:297-299_310-314,7SFR_a:439-440_484-488,6FYY_2:1667-1670_1727-1730
subcluster_58,4V8P_D1:704-708_721-725,7KGB_a:1247-1250_1269-1274,3J7Q_5:163-167_268-272,7SFR_a:1247-1250_1269-1274,8A98_S1:42-48_474-476,4V9F_0:1542-1546_1639-1643,7ASE_0:42-48_478-480,7SFR_A:1005-1009_1027-1031
subcluster_59,7A0S_X:1332-1336_1344-1346,8BUU_A:1358-1362_1370-1372,8FR8_A:2574-2577_2588-2591,5OQL_1:160-162_174-178,8BUU_A:2379-2382_2393-2396,8GLP_L5:1431-1434_1450-1453,5XY3_1:2703-2706_2721-2724,4V9F_0:2873-2876_2881-2884,4WF9_X:2377-2380_2391-2394,7RQB_1A:2350-2353_2364-2367,4ZNP_A:9-12_37-40,5J7L_DA:2350-2353_2364-2367,4WF9_X:1356-1360_1368-1370,3D0U_A:16-19_67-70,3J7Q_5:1431-1434_1450-1453,7A0S_X:2329-2332_2343-2346,6D9J_5:1431-1434_1450-1453,5OQL_1:454-457_475-478
subcluster_6,8GLP_L5:3781-3792_3808-3811,4ENC_A:13-24_37-42,6AZ3_2:523-534_550-553,6D9J_5:3781-3793_3807-3811,4V8P_D1:2272-2283_2299-2302,6QKL_N:2543-2554_2570-2573,4V91_1:2277-2288_2304-2307,5T5H_B:623-634_650-653,8OVA_BB:541-552_568-571,5TBW_1:2277-2288_2304-2307,3J79_A:2570-2581_2597-2600
subcluster_60,3JAN_4:181-187_212-216,6FRK_1:181-187_212-216,1MFQ_A:181-187_212-216,6ERI_BA:555-561_577-581,4V8P_D1:2206-2211_2224-2229,4V91_1:2211-2216_2229-2234,5TBW_1:2211-2216_2229-2234
subcluster_61,3JB9_C:13-14_78-84,5J7L_DA:275-280_360-362,5Y7M_D:3-6_46-50,6AZ4_A:13-17_28-31,1KXK_A:15-19_54-57,1U6B_B:61-65_80-83,2R8S_R:223-227_247-250,3Q1Q_C:32-35_44-48,4K27_U:19-23_34-37,4WZJ_XXX:46-49_56-60,8BUU_A:891-895_977-980,8A98_S1:1788-1790_1808-1813,5BTM_A:19-23_34-37,5XTM_B:3-6_41-45,5TC1_R:2783-2787_2791-2794,5M0H_A:14-18_29-32,6CHR_A:518-521_532-536
subcluster_62,5XXB_1:2506-2508_3096-3097,4WF9_X:2534-2535_2607-2609,6AZ3_2:1315-1316_1388-1390,1M5K_B:72-74_79-81,7SFR_a:134-136_222-224,4V9F_0:2092-2094_2651-2652,7RQB_1A:2507-2508_2580-2582,8GLP_L5:3897-3899_4562-4563,7A0S_X:2486-2487_2559-2561,8OVA_BE:21-24_210-211,5XY3_1:1911-1913_2440-2441,5J7L_DA:2507-2508_2580-2582,7SFR_A:2745-2746_2818-2820,4V8P_D1:2388-2390_2973-2974,6QKL_N:3209-3210_3282-3284,4V91_1:2393-2395_2985-2986,5T5H_B:739-741_1555-1556,5T5H_B:1446-1447_1519-1521,8OVA_BB:657-659_1439-1440,6AZ3_2:639-641_1424-1425,5TBW_1:176-177_239-242,5TBW_1:2393-2395_2985-2986,3J79_A:2686-2688_3344-3345,5MRC_A:2773-2774_2847-2849
subcluster_63,7RQB_1A:2636-2640_2774-2782,6ERI_AA:2653-2657_2792-2800,4V88_A6:1111-1118_1129-1134,5XXB_1:1812-1818_1828-1834,4WF9_X:2663-2667_2801-2809,6FYY_2:1110-1117_1128-1133,8GLP_S2:1168-1175_1186-1191,5XXU_2:1106-1113_1124-1129,7A0S_X:2615-2619_2754-2762,3J7P_S2:1168-1175_1186-1191,8BUU_A:2665-2669_2803-2811
subcluster_64,3J7Q_5:1425-1429_1455-1460,5XXB_1:171-174_256-262
subcluster_65,5T5H_A:248-249_253-263,8GLP_L5:2302-2309_2329-2333,6D9J_5:2302-2309_2329-2333,6AZ3_1:244-245_249-259,3J7Q_5:2302-2309_2329-2333
subcluster_66,4WF9_X:2765-2769_2789-2793,5TBW_1:1645-1649_1806-1810,4V8P_D1:859-863_880-884,4V91_1:1645-1649_1806-1810,4V88_A6:1678-1682_1719-1723,4V9F_0:794-798_815-819,8BUU_A:2767-2771_2791-2795,6FYY_2:1676-1680_1717-1721,5MRC_A:2732-2736_2746-2750
subcluster_67,7QI4_AA:1067-1070_1088-1091,5J7L_DA:2680-2684_2725-2727,6GAZ_AA:419-422_440-443
subcluster_68,4V9F_0:40-41_440-442,4V9F_0:929-931_1039-1041,8FR8_A:2293-2294_2662-2665,8GLP_L5:2844-2846_3842-3844,5XXB_1:1998-2000_2451-2453,5XXB_1:2525-2526_2918-2921,3J7Q_5:2844-2846_3842-3844,3J7Q_5:3916-3917_4384-4387,7QI4_A:2954-2955_2968-2970,7NSH_BA:1065-1066_1261-1264,4V9F_0:1741-1743_2036-2038,4V9F_0:2111-2112_2473-2476,5MRC_A:1615-1617_1895-1897,7RQB_1A:2070-2071_2438-2441,8BUU_A:2099-2100_2467-2470,4WF9_X:2097-2098_2465-2468,6AZ3_2:658-659_1246-1249,5XY3_1:1930-1931_2263-2266,6D9J_5:3916-3917_4384-4387,7RQB_1A:1663-1665_1995-1997,7QI4_A:2733-2734_2925-2928,4V8P_D1:1919-1921_2333-2335,4V8P_D1:2407-2408_2795-2798,7A0S_X:2053-2054_2417-2420,6QKL_N:2678-2679_3140-3143,4V91_1:1895-1897_2338-2340,4V91_1:2412-2413_2807-2810,5T5H_B:758-759_1377-1380,8GLP_L5:3916-3917_4384-4387,8OVA_BB:676-677_1261-1264,5J7L_DA:1663-1665_1995-1997,5MRC_A:1970-1971_2704-2707,5TBW_1:1895-1897_2338-2340,5TBW_1:2412-2413_2807-2810,3J79_A:2163-2165_2631-2633,3J79_A:2705-2706_3166-3169
subcluster_69,4YAZ_R:4-7_77-81,3DD2_B:3-8_21-23,3J7A_A:38-41_472-476,6FYY_2:38-41_465-469,6ERI_Ax:24-28_56-59,7NSH_BA:2-4_147-152,4V88_A6:38-41_466-470
subcluster_7,7KGB_a:144-149_164-170,6FRK_1:117-122_228-234,7SFR_a:144-149_164-170,3J79_A:82-89_97-103,8OM4_r:617-626_653-655,5MRC_A:228-233_242-248
subcluster_70,4V8P_D1:3290-3295_3323-3327,4V91_1:3332-3337_3367-3371,6D9J_5:4632-4637_4662-4666,8GLP_L5:4632-4637_4662-4666,3J7Q_5:4632-4637_4662-4666,8BUU_A:1756-1761_1772-1776,5TBW_1:3332-3337_3367-3371,6ERI_AA:1224-1229_1259-1263,5OQL_2:112-115_190-196
subcluster_71,8FR8_B:29-31_55-60,8GLP_L5:1425-1428_1456-1460,8GLP_L5:4582-4585_4717-4721,3J7Q_5:4582-4585_4717-4721,5J7L_AA:47-52_359-361,6D9J_5:1425-1428_1456-1460
subcluster_72,1U9S_A:136-139_161-162,4LFB_A:1128-1132_1142-1143,7KGB_a:1120-1123_1134-1135,7SYQ_z:67-69_98-100,5XYI_2:320-322_337-339,7SFR_a:1120-1123_1134-1135,3J79_A:1827-1829_1996-1998,6AHU_A:197-199_208-210,8BUU_a:1139-1142_1151-1152,5J7L_AA:1129-1132_1142-1143,3J7Q_5:4536-4538_4547-4550
subcluster_73,4LFB_A:569-575_880-881,7SFR_A:1655-1659_1814-1817,7SFR_A:1706-1709_1759-1763,6AZ3_2:1145-1149_1165-1168,5J7L_AA:569-575_880-881,8FR8_A:1869-1874_2228-2230,7QI4_AA:935-941_1133-1134,6ERI_AA:1560-1563_1576-1580,7RQB_1A:1437-1440_1551-1555,5VT0_R:84-88_104-107,6GAZ_AA:290-296_484-485,8BUU_a:578-584_890-891,5T5H_B:1276-1280_1296-1299,8OVA_BB:1160-1164_1180-1183,6ERI_BA:518-524_830-831,8OM4_r:54-59_363-365,1F1T_A:8-10_23-28,6S0X_a:577-583_889-890,7KGB_a:560-566_873-874
subcluster_74,5XYI_2:715-719_730-737,6QKL_N:2423-2428_2439-2446,4V88_A6:1488-1494_1513-1518,8OM4_r:246-251_282-289,3J7A_A:317-322_354-361
subcluster_75,7SFR_A:323-325_451-455,4V9F_0:248-249_260-265,8A98_S1:846-848_903-907,2A64_A:191-193_237-241,4V8P_D1:1527-1531_1539-1541,4V91_1:2666-2668_2686-2690,7A0S_X:2276-2278_2296-2300,4V91_1:977-981_1102-1104,5TBW_1:2666-2668_2686-2690,3J79_A:3005-3007_3025-3029
subcluster_76,3J7Q_5:1732-1737_1792-1797,6AZ3_1:1043-1048_1103-1108,8GLP_L5:1732-1737_1792-1797,5MRC_A:780-785_841-846,5T5H_A:1163-1168_1223-1228
subcluster_77,7SFR_A:570-573_584-597,4MGN_A:14-23_81-91,5XY3_1:349-352_364-376,8FR8_A:569-572_583-596
subcluster_78,4V9F_0:563-567_591-594,3J7P_S2:37-40_514-518,7SFR_A:1886-1891_2242-2244,7O7Y_A2:37-40_515-519,8GLP_S2:37-40_514-518,7O7Y_A2:1709-1712_1823-1827,1ET4_A:213-217_229-232
subcluster_79,7O7Y_A2:928-932_1011-1015,6CK5_A:12-15_45-50,5J7L_AA:580-584_757-761,4WF9_X:1757-1761_1768-1772,8BUU_a:513-520_549-550,6ERI_BA:453-460_489-490,5J7L_AA:504-511_540-541
subcluster_8,6FYY_2:118-122_294-297,6DLR_A:16-19_43-44,5T83_A:16-19_40-41,5U3G_B:10-13_28-29,5OQL_1:704-707_880-882
subcluster_80,5T5H_A:506-516_587-594,5J7L_AA:1430-1435_1466-1470,1Y0Q_A:54-59_80-84,2R8S_R:121-126_196-200,6GAZ_AA:633-634_643-651
subcluster_81,5OQL_1:39-41_52-55,1M5K_B:20-23_61-63,7NSH_BA:606-608_625-628,3P49_A:35-38_51-52,6G90_1:77-80_123-125,6N7R_R:77-80_123-125,4V88_A6:1645-1647_1753-1756
subcluster_82,5T5H_A:123-124_144-149,8GLP_S2:1042-1046_1072-1073,5TBW_1:123-124_144-149,3J7P_S2:1042-1046_1072-1073
subcluster_83,8GLP_L5:1756-1761_1768-1775,8GLP_L5:2482-2487_2491-2496,5XXB_1:2270-2275_2286-2293,8BUU_A:81-85_97-104,5TBW_1:2156-2161_2173-2180,8FR8_A:78-82_95-102,4WF9_X:81-85_97-104,4V91_1:2156-2161_2173-2180
subcluster_84,7KGB_a:1424-1428_1459-1462,8BUU_a:1440-1444_1476-1479,6S0X_a:1441-1445_1477-1480,4R4V_A:619-623_637-640,5J7L_DA:1651-1656_2004-2006,7SFR_a:1424-1428_1459-1462,4V8P_D1:125-128_138-141,6GAZ_AA:860-863_907-910,7RQB_1A:1651-1656_2004-2006,7A0S_X:1668-1673_1987-1989,6ERI_BA:1381-1385_1416-1419,8BUU_A:1696-1701_2033-2035,7KGB_a:439-441_483-488
subcluster_85,5G2X_A:174-183_351-360,3J7A_A:1725-1733_1815-1825,5MRC_A:943-949_1106-1120
subcluster_86,8GLP_L5:387-390_401-414,3J7Q_5:387-390_401-414,6ERI_BA:381-388_399-405,6D9J_5:387-390_401-414
subcluster_87,7SFR_A:624-629_654-659,5XTM_D:16-23_30-33,7O7Y_A2:564-566_586-593,5DCV_D:18-25_32-35,4LCK_F:6-12_94-97,7ASE_0:564-566_590-597,4OJI_A:5-9_44-50,5GAN_V:28-34_43-46,5GAP_V:28-34_43-46,5XTM_B:16-23_30-33,8BUU_a:454-458_492-497,6S0X_a:454-458_491-496
subcluster_88,4RUM_A:20-22_38-42,7RQB_1A:1319-1323_1331-1333,5XXB_3:27-29_48-52,5TBW_1:1501-1505_1513-1515,6ERI_BA:546-548_588-592,4V91_1:1501-1505_1513-1515,4WF9_X:2324-2326_2344-2348,5XY3_3:27-29_47-51,7A0S_X:1491-1494_1530-1533
subcluster_89,7NSH_BA:73-79_87-92,1NBS_B:138-143_165-171,7QI4_A:1739-1745_1753-1758
subcluster_9,7QI4_AA:1388-1392_1414-1418,5J7L_DA:1417-1421_1577-1581,3GS5_A:4-8_19-23,4WF9_X:1042-1046_1197-1201,7RQB_1A:998-1002_1153-1157,7RQB_1A:1351-1355_1376-1380,7SFR_A:1579-1583_1621-1625,4V9F_0:952-956_1011-1015,5T83_A:12-15_42-47,5J7L_AA:779-783_799-803,7A0S_X:1009-1013_1164-1168,7RQB_1A:1851-1855_1887-1891,8A98_S1:599-606_636-637,6ERI_AA:1861-1865_1901-1905,4LFB_A:779-783_799-803,4V5O_BA:968-972_988-992,7ASE_0:604-611_641-642,2XXA_F:40-44_55-59,8BUU_A:1044-1048_1199-1203,8FR8_A:1116-1120_1272-1276,8FR8_A:1563-1567_1604-1608,3J79_A:3440-3444_3469-3473,5J7L_DA:998-1002_1153-1157,6S0X_a:787-791_807-811,6ERI_AA:1026-1030_1180-1184,7SFR_A:1127-1131_1283-1287
subcluster_90,8FR8_B:35-39_45-49,7SFR_B:33-37_43-47,8FR8_B:35-39_45-49,8FR8_B:35-39_45-49,8FR8_A:1122-1129_1269-1270,4V9F_0:291-295_356-361,5XY3_3:31-35_41-45
subcluster_91,6CHR_A:80-82_97-99,5F5F_F:5-7_14-16,4WF9_Y:3-5_110-112,3W3S_B:47.A-47.C_47.N-47.P,7SFR_a:1001-1003_1012-1014,5F5F_B:5-7_14-16,8GLP_S2:1347-1349_1380-1382,4V88_A6:1290-1292_1323-1325,3J7Q_5:1173-1175_1186-1188,8BUU_a:69-71_98-100,8GLP_L5:4580-4582_4721-4723,7O7Y_A2:1348-1350_1381-1383,5OQL_1:494-496_502-504
subcluster_92,4V8P_D1:457-462_516-521,1U63_D:10-13_33-40,2VPL_B:10-13_33-40
subcluster_93,8BUU_A:1392-1394_1415-1418,6CHR_A:219-221_224-227,7SFR_a:408-411_430-432,5J7L_DA:1353-1355_1376-1379,4V5O_BA:509-511_526-529,6ERI_AB:47-49_75-78,7A0S_X:1366-1368_1389-1392,8FR8_A:1468-1470_1491-1494,4WF9_X:1390-1392_1413-1416,6ERI_AA:1374-1376_1397-1400,6ERI_AA:1454-1456_1591-1594,7SFR_A:1484-1486_1507-1510
subcluster_94,8FR8_B:72-80_95-103,3J7Q_5:3714-3722_3731-3739,7SFR_B:70-78_93-101,8FR8_B:72-80_95-103,8FR8_B:72-80_95-103
subcluster_95,3IGI_A:149-156_221-225,7NSH_BA:641-647_1006-1011,7SYQ_z:70-75_91-97,4RGE_C:3-8_47-54,7RQB_1A:1263-1269_2011-2016,7A0S_X:1276-1282_1994-1999,5MRC_A:1296-1302_1911-1916,6ERI_AA:1284-1290_2025-2030
subcluster_96,3GS5_C:32-38_49-57,7A0S_Y:73-81_100-108,3Q3Z_V:13-14_60-74,3J7Q_5:1957-1967_2020-2026,6ERI_Ax:71-79_98-106
subcluster_97,5XXB_1:2946-2950_2960-2964,6D9J_5:4412-4416_4426-4430,6QKL_N:3168-3172_3182-3186,8OVA_BB:1289-1293_1303-1307,3J7Q_5:4412-4416_4426-4430,3J79_A:3194-3198_3208-3212
subcluster_98,7ASE_0:1694-1704_1727-1735,8A98_S1:353-360_392-401
subcluster_99,7RQB_1B:34-38_44-48,4WF9_Y:32-36_42-46,4V8P_C3:32-36_41-45,6GAZ_AA:537-541_824-828,3J79_B:32-36_41-45,6TPQ_V:32-36_42-46
